period,code,metric,value,unit,tolerance,status,source_primary,value_primary,raw_primary,source_secondary,value_secondary,raw_secondary,sources_all,source_url_primary,source_url_secondary,fetched_at
C2023-07_2024-03,4073,eps,,JPY,0.1,SINGLE_SOURCE,kabutan_ytd3q,35.8,35.8,,,,kabutan_ytd3q=35.8,https://kabutan.jp/stock/finance?code=4073,,2026-08-13T11:40:46.611262+09:00
C2023-07_2024-03,4073,net_income,,JPY_million,1,SINGLE_SOURCE,kabutan_ytd3q,89,89,,,,kabutan_ytd3q=89,https://kabutan.jp/stock/finance?code=4073,,2026-08-13T11:40:46.611262+09:00
C2023-07_2024-03,4073,operating_income,,JPY_million,1,SINGLE_SOURCE,kabutan_ytd3q,91,91,,,,kabutan_ytd3q=91,https://kabutan.jp/stock/finance?code=4073,,2026-08-13T11:40:46.611262+09:00
C2023-07_2024-03,4073,ordinary_income,,JPY_million,1,SINGLE_SOURCE,kabutan_ytd3q,89,89,,,,kabutan_ytd3q=89,https://kabutan.jp/stock/finance?code=4073,,2026-08-13T11:40:46.611262+09:00
C2023-07_2024-03,4073,revenue,,JPY_million,1,SINGLE_SOURCE,kabutan_ytd3q,1345,"1,345",,,,kabutan_ytd3q=1345,https://kabutan.jp/stock/finance?code=4073,,2026-08-13T11:40:46.611262+09:00
C2024-07_2025-03,4073,eps,,JPY,0.1,SINGLE_SOURCE,kabutan_ytd3q,-66.7,-66.7,,,,kabutan_ytd3q=-66.7,https://kabutan.jp/stock/finance?code=4073,,2026-08-13T11:40:46.611262+09:00
C2024-07_2025-03,4073,net_income,,JPY_million,1,SINGLE_SOURCE,kabutan_ytd3q,-167,-167,,,,kabutan_ytd3q=-167,https://kabutan.jp/stock/finance?code=4073,,2026-08-13T11:40:46.611262+09:00
C2024-07_2025-03,4073,operating_income,,JPY_million,1,SINGLE_SOURCE,kabutan_ytd3q,-141,-141,,,,kabutan_ytd3q=-141,https://kabutan.jp/stock/finance?code=4073,,2026-08-13T11:40:46.611262+09:00
C2024-07_2025-03,4073,ordinary_income,,JPY_million,1,SINGLE_SOURCE,kabutan_ytd3q,-161,-161,,,,kabutan_ytd3q=-161,https://kabutan.jp/stock/finance?code=4073,,2026-08-13T11:40:46.611262+09:00
C2024-07_2025-03,4073,revenue,,JPY_million,1,SINGLE_SOURCE,kabutan_ytd3q,1279,"1,279",,,,kabutan_ytd3q=1279,https://kabutan.jp/stock/finance?code=4073,,2026-08-13T11:40:46.611262+09:00
C2025-07_2026-03,4073,eps,,JPY,0.1,SINGLE_SOURCE,kabutan_ytd3q,-39,-39.0,,,,kabutan_ytd3q=-39,https://kabutan.jp/stock/finance?code=4073,,2026-08-13T11:40:46.611262+09:00
C2025-07_2026-03,4073,equity,,JPY_million,1,SINGLE_SOURCE,kabutan_bs,185,185,,,,kabutan_bs=185,https://kabutan.jp/stock/finance?code=4073,,2026-08-13T11:40:46.611262+09:00
C2025-07_2026-03,4073,equity_ratio,,pct,0.1,SINGLE_SOURCE,kabutan_bs,9.9,9.9,,,,kabutan_bs=9.9,https://kabutan.jp/stock/finance?code=4073,,2026-08-13T11:40:46.611262+09:00
C2025-07_2026-03,4073,interest_bearing_debt_ratio,,x,0.01,SINGLE_SOURCE,kabutan_bs,7.99,7.99,,,,kabutan_bs=7.99,https://kabutan.jp/stock/finance?code=4073,,2026-08-13T11:40:46.611262+09:00
C2025-07_2026-03,4073,net_income,,JPY_million,1,SINGLE_SOURCE,kabutan_ytd3q,-98,-98,,,,kabutan_ytd3q=-98,https://kabutan.jp/stock/finance?code=4073,,2026-08-13T11:40:46.611262+09:00
C2025-07_2026-03,4073,operating_income,,JPY_million,1,SINGLE_SOURCE,kabutan_ytd3q,-78,-78,,,,kabutan_ytd3q=-78,https://kabutan.jp/stock/finance?code=4073,,2026-08-13T11:40:46.611262+09:00
C2025-07_2026-03,4073,ordinary_income,,JPY_million,1,SINGLE_SOURCE,kabutan_ytd3q,-98,-98,,,,kabutan_ytd3q=-98,https://kabutan.jp/stock/finance?code=4073,,2026-08-13T11:40:46.611262+09:00
C2025-07_2026-03,4073,retained_earnings,,JPY_million,1,SINGLE_SOURCE,kabutan_bs,-579,-579,,,,kabutan_bs=-579,https://kabutan.jp/stock/finance?code=4073,,2026-08-13T11:40:46.611262+09:00
C2025-07_2026-03,4073,revenue,,JPY_million,1,SINGLE_SOURCE,kabutan_ytd3q,1493,"1,493",,,,kabutan_ytd3q=1493,https://kabutan.jp/stock/finance?code=4073,,2026-08-13T11:40:46.611262+09:00
C2025-07_2026-03,4073,total_assets,,JPY_million,1,SINGLE_SOURCE,kabutan_bs,1870,"1,870",,,,kabutan_bs=1870,https://kabutan.jp/stock/finance?code=4073,,2026-08-13T11:40:46.611262+09:00
FY2016-06,4073,eps,,JPY,0.01,SINGLE_SOURCE,irbank_pl,61.89,61.89,,,,irbank_pl=61.89,https://irbank.net/E36666/results,,2026-08-13T11:40:46.611262+09:00
FY2016-06,4073,equity_ratio,,pct,0.1,SINGLE_SOURCE,irbank_bs,27.7,27.7,,,,irbank_bs=27.7,https://irbank.net/E36666/results,,2026-08-13T11:40:46.611262+09:00
FY2016-06,4073,net_assets,,JPY_million,1,SINGLE_SOURCE,irbank_bs,209,2.09億,,,,irbank_bs=209,https://irbank.net/E36666/results,,2026-08-13T11:40:46.611262+09:00
FY2016-06,4073,net_income,,JPY_million,1,SINGLE_SOURCE,irbank_pl,126,126百万,,,,irbank_pl=126,https://irbank.net/E36666/results,,2026-08-13T11:40:46.611262+09:00
FY2016-06,4073,ordinary_income,,JPY_million,1,SINGLE_SOURCE,irbank_pl,136,136百万,,,,irbank_pl=136,https://irbank.net/E36666/results,,2026-08-13T11:40:46.611262+09:00
FY2016-06,4073,revenue,1087,JPY_million,10,OK|ROUNDING|PERIOD_ASTERISK,kabutan_fy10,1087,"1,087",irbank_pl,1090,10.9億,kabutan_fy10=1087|irbank_pl=1090,https://kabutan.jp/stock/finance?code=4073,https://irbank.net/E36666/results,2026-08-13T11:40:46.611262+09:00
FY2016-06,4073,roa,,pct,0.01,SINGLE_SOURCE,irbank_pl,16.67,16.67,,,,irbank_pl=16.67,https://irbank.net/E36666/results,,2026-08-13T11:40:46.611262+09:00
FY2016-06,4073,total_assets,,JPY_million,1,SINGLE_SOURCE,irbank_bs,756,7.56億,,,,irbank_bs=756,https://irbank.net/E36666/results,,2026-08-13T11:40:46.611262+09:00
FY2017-06,4073,eps,,JPY,0.01,SINGLE_SOURCE,irbank_pl,37.53,37.53,,,,irbank_pl=37.53,https://irbank.net/E36666/results,,2026-08-13T11:40:46.611262+09:00
FY2017-06,4073,equity_ratio,,pct,0.1,SINGLE_SOURCE,irbank_bs,31.5,31.5,,,,irbank_bs=31.5,https://irbank.net/E36666/results,,2026-08-13T11:40:46.611262+09:00
FY2017-06,4073,net_assets,,JPY_million,1,SINGLE_SOURCE,irbank_bs,286,2.86億,,,,irbank_bs=286,https://irbank.net/E36666/results,,2026-08-13T11:40:46.611262+09:00
FY2017-06,4073,net_income,,JPY_million,1,SINGLE_SOURCE,irbank_pl,76,76百万,,,,irbank_pl=76,https://irbank.net/E36666/results,,2026-08-13T11:40:46.611262+09:00
FY2017-06,4073,ordinary_income,,JPY_million,1,SINGLE_SOURCE,irbank_pl,96,96百万,,,,irbank_pl=96,https://irbank.net/E36666/results,,2026-08-13T11:40:46.611262+09:00
FY2017-06,4073,revenue,1122,JPY_million,10,OK|ROUNDING|PERIOD_ASTERISK,kabutan_fy10,1122,"1,122",irbank_pl,1120,11.2億,kabutan_fy10=1122|irbank_pl=1120,https://kabutan.jp/stock/finance?code=4073,https://irbank.net/E36666/results,2026-08-13T11:40:46.611262+09:00
FY2017-06,4073,roa,,pct,0.01,SINGLE_SOURCE,irbank_pl,8.42,8.42,,,,irbank_pl=8.42,https://irbank.net/E36666/results,,2026-08-13T11:40:46.611262+09:00
FY2017-06,4073,total_assets,,JPY_million,1,SINGLE_SOURCE,irbank_bs,907,9.07億,,,,irbank_bs=907,https://irbank.net/E36666/results,,2026-08-13T11:40:46.611262+09:00
FY2018-06,4073,cash_equivalents,,JPY_million,1,SINGLE_SOURCE,irbank_cf,285,2.85億,,,,irbank_cf=285,https://irbank.net/E36666/results,,2026-08-13T11:40:46.611262+09:00
FY2018-06,4073,eps,,JPY,0.1,SINGLE_SOURCE,irbank_pl,43.2,43.2,,,,irbank_pl=43.2,https://irbank.net/E36666/results,,2026-08-13T11:40:46.611262+09:00
FY2018-06,4073,equity_ratio,,pct,1,SINGLE_SOURCE,irbank_bs,40,40,,,,irbank_bs=40,https://irbank.net/E36666/results,,2026-08-13T11:40:46.611262+09:00
FY2018-06,4073,net_assets,,JPY_million,1,SINGLE_SOURCE,irbank_bs,373,3.73億,,,,irbank_bs=373,https://irbank.net/E36666/results,,2026-08-13T11:40:46.611262+09:00
FY2018-06,4073,net_income,,JPY_million,1,SINGLE_SOURCE,irbank_pl,88,88百万,,,,irbank_pl=88,https://irbank.net/E36666/results,,2026-08-13T11:40:46.611262+09:00
FY2018-06,4073,ordinary_income,,JPY_million,1,SINGLE_SOURCE,irbank_pl,110,110百万,,,,irbank_pl=110,https://irbank.net/E36666/results,,2026-08-13T11:40:46.611262+09:00
FY2018-06,4073,revenue,1341,JPY_million,10,OK|ROUNDING|PERIOD_ASTERISK,kabutan_fy10,1341,"1,341",irbank_pl,1340,13.4億,kabutan_fy10=1341|irbank_pl=1340,https://kabutan.jp/stock/finance?code=4073,https://irbank.net/E36666/results,2026-08-13T11:40:46.611262+09:00
FY2018-06,4073,roa,,pct,0.01,SINGLE_SOURCE,irbank_pl,9.41,9.41,,,,irbank_pl=9.41,https://irbank.net/E36666/results,,2026-08-13T11:40:46.611262+09:00
FY2018-06,4073,total_assets,,JPY_million,1,SINGLE_SOURCE,irbank_bs,935,9.35億,,,,irbank_bs=935,https://irbank.net/E36666/results,,2026-08-13T11:40:46.611262+09:00
FY2019-06,4073,bps,,JPY,0.01,SINGLE_SOURCE,irbank_bs,213.04,213.04,,,,irbank_bs=213.04,https://irbank.net/E36666/results,,2026-08-13T11:40:46.611262+09:00
FY2019-06,4073,capex,,JPY_million,1,SINGLE_SOURCE,irbank_cf,-109,-109百万,,,,irbank_cf=-109,https://irbank.net/E36666/results,,2026-08-13T11:40:46.611262+09:00
FY2019-06,4073,cash_equivalents,,JPY_million,1,SINGLE_SOURCE,irbank_cf,317,3.17億,,,,irbank_cf=317,https://irbank.net/E36666/results,,2026-08-13T11:40:46.611262+09:00
FY2019-06,4073,cost_ratio,,pct,0.01,SINGLE_SOURCE,irbank_pl,57.73,57.73,,,,irbank_pl=57.73,https://irbank.net/E36666/results,,2026-08-13T11:40:46.611262+09:00
FY2019-06,4073,eps,,JPY,0.01,SINGLE_SOURCE,irbank_pl,39.54,39.54,,,,irbank_pl=39.54,https://irbank.net/E36666/results,,2026-08-13T11:40:46.611262+09:00
FY2019-06,4073,equity,,JPY_million,1,SINGLE_SOURCE,irbank_bs,434,4.34億,,,,irbank_bs=434,https://irbank.net/E36666/results,,2026-08-13T11:40:46.611262+09:00
FY2019-06,4073,equity_ratio,,pct,0.1,SINGLE_SOURCE,irbank_bs,40.4,40.4,,,,irbank_bs=40.4,https://irbank.net/E36666/results,,2026-08-13T11:40:46.611262+09:00
FY2019-06,4073,financing_cf,,JPY_million,1,SINGLE_SOURCE,irbank_cf,-11,-11百万,,,,irbank_cf=-11,https://irbank.net/E36666/results,,2026-08-13T11:40:46.611262+09:00
FY2019-06,4073,free_cf,,JPY_million,1,SINGLE_SOURCE,irbank_cf,44,44百万,,,,irbank_cf=44,https://irbank.net/E36666/results,,2026-08-13T11:40:46.611262+09:00
FY2019-06,4073,interest_bearing_debt,,JPY_million,10,SINGLE_SOURCE,irbank_bs,250,2.5億,,,,irbank_bs=250,https://irbank.net/E36666/results,,2026-08-13T11:40:46.611262+09:00
FY2019-06,4073,interest_bearing_debt_ratio,,x,0.0001,SINGLE_SOURCE|UNIT_CONVERTED,irbank_bs,0.5776,57.76,,,,irbank_bs=0.5776,https://irbank.net/E36666/results,,2026-08-13T11:40:46.611262+09:00
FY2019-06,4073,investing_cf,,JPY_million,1,SINGLE_SOURCE,irbank_cf,-128,-128百万,,,,irbank_cf=-128,https://irbank.net/E36666/results,,2026-08-13T11:40:46.611262+09:00
FY2019-06,4073,net_assets,,JPY_million,1,SINGLE_SOURCE,irbank_bs,434,4.34億,,,,irbank_bs=434,https://irbank.net/E36666/results,,2026-08-13T11:40:46.611262+09:00
FY2019-06,4073,net_income,,JPY_million,1,SINGLE_SOURCE,irbank_pl,80,80百万,,,,irbank_pl=80,https://irbank.net/E36666/results,,2026-08-13T11:40:46.611262+09:00
FY2019-06,4073,operating_cf,,JPY_million,1,SINGLE_SOURCE,irbank_cf,171,171百万,,,,irbank_cf=171,https://irbank.net/E36666/results,,2026-08-13T11:40:46.611262+09:00
FY2019-06,4073,operating_income,,JPY_million,1,SINGLE_SOURCE,irbank_pl,90,90百万,,,,irbank_pl=90,https://irbank.net/E36666/results,,2026-08-13T11:40:46.611262+09:00
FY2019-06,4073,operating_margin,,pct,0.01,SINGLE_SOURCE,irbank_pl,5.84,5.84,,,,irbank_pl=5.84,https://irbank.net/E36666/results,,2026-08-13T11:40:46.611262+09:00
FY2019-06,4073,ordinary_income,,JPY_million,1,SINGLE_SOURCE,irbank_pl,96,96百万,,,,irbank_pl=96,https://irbank.net/E36666/results,,2026-08-13T11:40:46.611262+09:00
FY2019-06,4073,retained_earnings,,JPY_million,1,SINGLE_SOURCE,irbank_bs,178,178百万,,,,irbank_bs=178,https://irbank.net/E36666/results,,2026-08-13T11:40:46.611262+09:00
FY2019-06,4073,revenue,1546,JPY_million,10,OK|ROUNDING|PERIOD_ASTERISK,kabutan_fy10,1546,"1,546",irbank_pl,1550,15.5億,kabutan_fy10=1546|irbank_pl=1550,https://kabutan.jp/stock/finance?code=4073,https://irbank.net/E36666/results,2026-08-13T11:40:46.611262+09:00
FY2019-06,4073,roa,,pct,0.1,SINGLE_SOURCE,irbank_pl,7.5,7.5,,,,irbank_pl=7.5,https://irbank.net/E36666/results,,2026-08-13T11:40:46.611262+09:00
FY2019-06,4073,roe,,pct,0.01,SINGLE_SOURCE,irbank_pl,18.56,18.56,,,,irbank_pl=18.56,https://irbank.net/E36666/results,,2026-08-13T11:40:46.611262+09:00
FY2019-06,4073,sga_ratio,,pct,0.01,SINGLE_SOURCE,irbank_pl,36.43,36.43,,,,irbank_pl=36.43,https://irbank.net/E36666/results,,2026-08-13T11:40:46.611262+09:00
FY2019-06,4073,total_assets,,JPY_million,10,SINGLE_SOURCE,irbank_bs,1070,10.7億,,,,irbank_bs=1070,https://irbank.net/E36666/results,,2026-08-13T11:40:46.611262+09:00
FY2020-06,4073,bps,,JPY,0.01,SINGLE_SOURCE,irbank_bs,334.76,334.76,,,,irbank_bs=334.76,https://irbank.net/E36666/results,,2026-08-13T11:40:46.611262+09:00
FY2020-06,4073,capex,,JPY_million,1,SINGLE_SOURCE,irbank_cf,-99,-99百万,,,,irbank_cf=-99,https://irbank.net/E36666/results,,2026-08-13T11:40:46.611262+09:00
FY2020-06,4073,cash_equivalents,,JPY_million,100,SINGLE_SOURCE,irbank_cf,1100,11億,,,,irbank_cf=1100,https://irbank.net/E36666/results,,2026-08-13T11:40:46.611262+09:00
FY2020-06,4073,cost_ratio,,pct,0.1,SINGLE_SOURCE,irbank_pl,54.9,54.9,,,,irbank_pl=54.9,https://irbank.net/E36666/results,,2026-08-13T11:40:46.611262+09:00
FY2020-06,4073,eps,131.71,JPY,0.1,OK|ROUNDING,kabutan_record_fy,131.8,131.8,irbank_pl,131.71,131.71,kabutan_record_fy=131.8|irbank_pl=131.71,https://kabutan.jp/stock/finance?code=4073,https://irbank.net/E36666/results,2026-08-13T11:40:46.611262+09:00
FY2020-06,4073,equity,,JPY_million,1,SINGLE_SOURCE,irbank_bs,681,6.81億,,,,irbank_bs=681,https://irbank.net/E36666/results,,2026-08-13T11:40:46.611262+09:00
FY2020-06,4073,equity_ratio,,pct,0.1,SINGLE_SOURCE,irbank_bs,33.8,33.8,,,,irbank_bs=33.8,https://irbank.net/E36666/results,,2026-08-13T11:40:46.611262+09:00
FY2020-06,4073,financing_cf,,JPY_million,1,SINGLE_SOURCE,irbank_cf,520,520百万,,,,irbank_cf=520,https://irbank.net/E36666/results,,2026-08-13T11:40:46.611262+09:00
FY2020-06,4073,free_cf,,JPY_million,1,SINGLE_SOURCE,irbank_cf,257,257百万,,,,irbank_cf=257,https://irbank.net/E36666/results,,2026-08-13T11:40:46.611262+09:00
FY2020-06,4073,interest_bearing_debt,,JPY_million,1,SINGLE_SOURCE,irbank_bs,794,7.94億,,,,irbank_bs=794,https://irbank.net/E36666/results,,2026-08-13T11:40:46.611262+09:00
FY2020-06,4073,interest_bearing_debt_ratio,,x,0.0001,SINGLE_SOURCE|UNIT_CONVERTED,irbank_bs,1.1651,116.51,,,,irbank_bs=1.1651,https://irbank.net/E36666/results,,2026-08-13T11:40:46.611262+09:00
FY2020-06,4073,investing_cf,,JPY_million,1,SINGLE_SOURCE,irbank_cf,-100,-100百万,,,,irbank_cf=-100,https://irbank.net/E36666/results,,2026-08-13T11:40:46.611262+09:00
FY2020-06,4073,net_assets,,JPY_million,1,SINGLE_SOURCE,irbank_bs,681,6.81億,,,,irbank_bs=681,https://irbank.net/E36666/results,,2026-08-13T11:40:46.611262+09:00
FY2020-06,4073,net_income,268,JPY_million,1,OK,kabutan_record_fy,268,268,irbank_pl,268,268百万,kabutan_record_fy=268|irbank_pl=268,https://kabutan.jp/stock/finance?code=4073,https://irbank.net/E36666/results,2026-08-13T11:40:46.611262+09:00
FY2020-06,4073,operating_cf,,JPY_million,1,SINGLE_SOURCE,irbank_cf,358,358百万,,,,irbank_cf=358,https://irbank.net/E36666/results,,2026-08-13T11:40:46.611262+09:00
FY2020-06,4073,operating_income,386,JPY_million,1,OK,kabutan_record_fy,386,386,irbank_pl,386,386百万,kabutan_record_fy=386|irbank_pl=386,https://kabutan.jp/stock/finance?code=4073,https://irbank.net/E36666/results,2026-08-13T11:40:46.611262+09:00
FY2020-06,4073,operating_margin,,pct,0.01,SINGLE_SOURCE,irbank_pl,14.64,14.64,,,,irbank_pl=14.64,https://irbank.net/E36666/results,,2026-08-13T11:40:46.611262+09:00
FY2020-06,4073,ordinary_income,377,JPY_million,1,OK,kabutan_record_fy,377,377,irbank_pl,377,377百万,kabutan_record_fy=377|irbank_pl=377,https://kabutan.jp/stock/finance?code=4073,https://irbank.net/E36666/results,2026-08-13T11:40:46.611262+09:00
FY2020-06,4073,retained_earnings,,JPY_million,1,SINGLE_SOURCE,irbank_bs,426,426百万,,,,irbank_bs=426,https://irbank.net/E36666/results,,2026-08-13T11:40:46.611262+09:00
FY2020-06,4073,revenue,2638,JPY_million,10,OK|ROUNDING|PERIOD_ASTERISK,kabutan_fy10,2638,"2,638",kabutan_record_fy,2638,"2,638",kabutan_fy10=2638|kabutan_record_fy=2638|irbank_pl=2640,https://kabutan.jp/stock/finance?code=4073,https://kabutan.jp/stock/finance?code=4073,2026-08-13T11:40:46.611262+09:00
FY2020-06,4073,roa,,pct,0.01,SINGLE_SOURCE,irbank_pl,13.32,13.32,,,,irbank_pl=13.32,https://irbank.net/E36666/results,,2026-08-13T11:40:46.611262+09:00
FY2020-06,4073,roe,,pct,0.01,SINGLE_SOURCE,irbank_pl,39.35,39.35,,,,irbank_pl=39.35,https://irbank.net/E36666/results,,2026-08-13T11:40:46.611262+09:00
FY2020-06,4073,sga_ratio,,pct,0.01,SINGLE_SOURCE,irbank_pl,30.46,30.46,,,,irbank_pl=30.46,https://irbank.net/E36666/results,,2026-08-13T11:40:46.611262+09:00
FY2020-06,4073,total_assets,,JPY_million,10,SINGLE_SOURCE,irbank_bs,2010,20.1億,,,,irbank_bs=2010,https://irbank.net/E36666/results,,2026-08-13T11:40:46.611262+09:00
FY2021-06,4073,bps,,JPY,0.01,SINGLE_SOURCE,irbank_bs,374.28,374.28,,,,irbank_bs=374.28,https://irbank.net/E36666/results,,2026-08-13T11:40:46.611262+09:00
FY2021-06,4073,capex,,JPY_million,1,SINGLE_SOURCE,irbank_cf,-207,-207百万,,,,irbank_cf=-207,https://irbank.net/E36666/results,,2026-08-13T11:40:46.611262+09:00
FY2021-06,4073,cash_equivalents,,JPY_million,1,SINGLE_SOURCE,irbank_cf,502,5.02億,,,,irbank_cf=502,https://irbank.net/E36666/results,,2026-08-13T11:40:46.611262+09:00
FY2021-06,4073,cost_ratio,,pct,0.01,SINGLE_SOURCE,irbank_pl,57.93,57.93,,,,irbank_pl=57.93,https://irbank.net/E36666/results,,2026-08-13T11:40:46.611262+09:00
FY2021-06,4073,eps,,JPY,0.01,SINGLE_SOURCE,irbank_pl,60.62,60.62,,,,irbank_pl=60.62,https://irbank.net/E36666/results,,2026-08-13T11:40:46.611262+09:00
FY2021-06,4073,equity,,JPY_million,1,SINGLE_SOURCE,irbank_bs,782,7.82億,,,,irbank_bs=782,https://irbank.net/E36666/results,,2026-08-13T11:40:46.611262+09:00
FY2021-06,4073,equity_ratio,,pct,0.1,SINGLE_SOURCE,irbank_bs,58.5,58.5,,,,irbank_bs=58.5,https://irbank.net/E36666/results,,2026-08-13T11:40:46.611262+09:00
FY2021-06,4073,financing_cf,,JPY_million,1,SINGLE_SOURCE,irbank_cf,-671,-671百万,,,,irbank_cf=-671,https://irbank.net/E36666/results,,2026-08-13T11:40:46.611262+09:00
FY2021-06,4073,free_cf,,JPY_million,1,SINGLE_SOURCE,irbank_cf,77,77百万,,,,irbank_cf=77,https://irbank.net/E36666/results,,2026-08-13T11:40:46.611262+09:00
FY2021-06,4073,interest_bearing_debt,,JPY_million,1,SINGLE_SOURCE,irbank_bs,152,1.52億,,,,irbank_bs=152,https://irbank.net/E36666/results,,2026-08-13T11:40:46.611262+09:00
FY2021-06,4073,interest_bearing_debt_ratio,,x,0.0001,SINGLE_SOURCE|UNIT_CONVERTED,irbank_bs,0.1948,19.48,,,,irbank_bs=0.1948,https://irbank.net/E36666/results,,2026-08-13T11:40:46.611262+09:00
FY2021-06,4073,investing_cf,,JPY_million,1,SINGLE_SOURCE,irbank_cf,-137,-137百万,,,,irbank_cf=-137,https://irbank.net/E36666/results,,2026-08-13T11:40:46.611262+09:00
FY2021-06,4073,net_assets,,JPY_million,1,SINGLE_SOURCE,irbank_bs,782,7.82億,,,,irbank_bs=782,https://irbank.net/E36666/results,,2026-08-13T11:40:46.611262+09:00
FY2021-06,4073,net_income,,JPY_million,1,SINGLE_SOURCE,irbank_pl,127,127百万,,,,irbank_pl=127,https://irbank.net/E36666/results,,2026-08-13T11:40:46.611262+09:00
FY2021-06,4073,operating_cf,,JPY_million,1,SINGLE_SOURCE,irbank_cf,214,214百万,,,,irbank_cf=214,https://irbank.net/E36666/results,,2026-08-13T11:40:46.611262+09:00
FY2021-06,4073,operating_income,,JPY_million,1,SINGLE_SOURCE,irbank_pl,200,200百万,,,,irbank_pl=200,https://irbank.net/E36666/results,,2026-08-13T11:40:46.611262+09:00
FY2021-06,4073,operating_margin,,pct,0.1,SINGLE_SOURCE,irbank_pl,9.6,9.6,,,,irbank_pl=9.6,https://irbank.net/E36666/results,,2026-08-13T11:40:46.611262+09:00
FY2021-06,4073,ordinary_income,,JPY_million,1,SINGLE_SOURCE,irbank_pl,192,192百万,,,,irbank_pl=192,https://irbank.net/E36666/results,,2026-08-13T11:40:46.611262+09:00
FY2021-06,4073,retained_earnings,,JPY_million,1,SINGLE_SOURCE,irbank_bs,517,517百万,,,,irbank_bs=517,https://irbank.net/E36666/results,,2026-08-13T11:40:46.611262+09:00
FY2021-06,4073,revenue,2078,JPY_million,10,OK|ROUNDING|PERIOD_ASTERISK,kabutan_fy10,2078,"2,078",irbank_pl,2080,20.8億,kabutan_fy10=2078|irbank_pl=2080,https://kabutan.jp/stock/finance?code=4073,https://irbank.net/E36666/results,2026-08-13T11:40:46.611262+09:00
FY2021-06,4073,roa,,pct,0.01,SINGLE_SOURCE,irbank_pl,9.47,9.47,,,,irbank_pl=9.47,https://irbank.net/E36666/results,,2026-08-13T11:40:46.611262+09:00
FY2021-06,4073,roe,,pct,0.1,SINGLE_SOURCE,irbank_pl,16.2,16.2,,,,irbank_pl=16.2,https://irbank.net/E36666/results,,2026-08-13T11:40:46.611262+09:00
FY2021-06,4073,sga_ratio,,pct,0.01,SINGLE_SOURCE,irbank_pl,32.47,32.47,,,,irbank_pl=32.47,https://irbank.net/E36666/results,,2026-08-13T11:40:46.611262+09:00
FY2021-06,4073,total_assets,,JPY_million,10,SINGLE_SOURCE,irbank_bs,1340,13.4億,,,,irbank_bs=1340,https://irbank.net/E36666/results,,2026-08-13T11:40:46.611262+09:00
FY2022-06,4073,bps,,JPY,0.01,SINGLE_SOURCE,irbank_bs,456.74,456.74,,,,irbank_bs=456.74,https://irbank.net/E36666/results,,2026-08-13T11:40:46.611262+09:00
FY2022-06,4073,capex,,JPY_million,1,SINGLE_SOURCE,irbank_cf,-260,-260百万,,,,irbank_cf=-260,https://irbank.net/E36666/results,,2026-08-13T11:40:46.611262+09:00
FY2022-06,4073,cash_equivalents,,JPY_million,1,SINGLE_SOURCE,irbank_cf,385,3.85億,,,,irbank_cf=385,https://irbank.net/E36666/results,,2026-08-13T11:40:46.611262+09:00
FY2022-06,4073,cost_ratio,,pct,0.01,MISMATCH,irbank_pl,60.14,60.14,irbank_q,57.16,57.16%,irbank_pl=60.14|irbank_q=57.16,https://irbank.net/E36666/results,https://irbank.net/E36666/quarter,2026-08-13T11:40:46.611262+09:00
FY2022-06,4073,eps,-39.17,JPY,0.1,OK|ROUNDING,kabutan_fy,-39.2,-39.2,irbank_pl,-39.17,-39.17,kabutan_fy=-39.2|irbank_pl=-39.17,https://kabutan.jp/stock/finance?code=4073,https://irbank.net/E36666/results,2026-08-13T11:40:46.611262+09:00
FY2022-06,4073,equity,,JPY_million,10,SINGLE_SOURCE,irbank_bs,1140,11.4億,,,,irbank_bs=1140,https://irbank.net/E36666/results,,2026-08-13T11:40:46.611262+09:00
FY2022-06,4073,equity_ratio,,pct,0.1,SINGLE_SOURCE,irbank_bs,75.2,75.2,,,,irbank_bs=75.2,https://irbank.net/E36666/results,,2026-08-13T11:40:46.611262+09:00
FY2022-06,4073,financing_cf,,JPY_million,1,SINGLE_SOURCE,irbank_cf,346,346百万,,,,irbank_cf=346,https://irbank.net/E36666/results,,2026-08-13T11:40:46.611262+09:00
FY2022-06,4073,free_cf,,JPY_million,1,SINGLE_SOURCE,irbank_cf,-463,-463百万,,,,irbank_cf=-463,https://irbank.net/E36666/results,,2026-08-13T11:40:46.611262+09:00
FY2022-06,4073,interest_bearing_debt,,JPY_million,1,SINGLE_SOURCE,irbank_bs,64,0.64億,,,,irbank_bs=64,https://irbank.net/E36666/results,,2026-08-13T11:40:46.611262+09:00
FY2022-06,4073,interest_bearing_debt_ratio,,x,0.0001,SINGLE_SOURCE|UNIT_CONVERTED,irbank_bs,0.0559,5.59,,,,irbank_bs=0.0559,https://irbank.net/E36666/results,,2026-08-13T11:40:46.611262+09:00
FY2022-06,4073,investing_cf,,JPY_million,1,SINGLE_SOURCE,irbank_cf,-189,-189百万,,,,irbank_cf=-189,https://irbank.net/E36666/results,,2026-08-13T11:40:46.611262+09:00
FY2022-06,4073,net_assets,,JPY_million,10,SINGLE_SOURCE,irbank_bs,1140,11.4億,,,,irbank_bs=1140,https://irbank.net/E36666/results,,2026-08-13T11:40:46.611262+09:00
FY2022-06,4073,net_income,-91,JPY_million,1,OK|ROUNDING,kabutan_fy,-91,-91,irbank_pl,-92,-92百万,kabutan_fy=-91|irbank_pl=-92|irbank_q=-92,https://kabutan.jp/stock/finance?code=4073,https://irbank.net/E36666/results,2026-08-13T11:40:46.611262+09:00
FY2022-06,4073,operating_cf,,JPY_million,1,SINGLE_SOURCE,irbank_cf,-274,-274百万,,,,irbank_cf=-274,https://irbank.net/E36666/results,,2026-08-13T11:40:46.611262+09:00
FY2022-06,4073,operating_income,-55,JPY_million,1,OK|ROUNDING,kabutan_fy,-55,-55,irbank_pl,-56,-56百万,kabutan_fy=-55|irbank_pl=-56|irbank_q=-56,https://kabutan.jp/stock/finance?code=4073,https://irbank.net/E36666/results,2026-08-13T11:40:46.611262+09:00
FY2022-06,4073,operating_margin,,pct,0.01,SINGLE_SOURCE,irbank_pl,-3.51,-3.51,irbank_q,-3.51,-3.51%,irbank_pl=-3.51|irbank_q=-3.51,https://irbank.net/E36666/results,https://irbank.net/E36666/quarter,2026-08-13T11:40:46.611262+09:00
FY2022-06,4073,ordinary_income,-82,JPY_million,1,OK|ROUNDING,kabutan_fy,-82,-82,irbank_pl,-83,-83百万,kabutan_fy=-82|irbank_pl=-83|irbank_q=-83,https://kabutan.jp/stock/finance?code=4073,https://irbank.net/E36666/results,2026-08-13T11:40:46.611262+09:00
FY2022-06,4073,retained_earnings,,JPY_million,1,SINGLE_SOURCE,irbank_bs,392,392百万,,,,irbank_bs=392,https://irbank.net/E36666/results,,2026-08-13T11:40:46.611262+09:00
FY2022-06,4073,revenue,1588,JPY_million,10,OK|ROUNDING,kabutan_fy,1588,"1,588",kabutan_fy10,1588,"1,588",kabutan_fy=1588|kabutan_fy10=1588|irbank_pl=1590|irbank_q=1589,https://kabutan.jp/stock/finance?code=4073,https://kabutan.jp/stock/finance?code=4073,2026-08-13T11:40:46.611262+09:00
FY2022-06,4073,sga_ratio,,pct,0.01,SINGLE_SOURCE,irbank_pl,43.37,43.37,irbank_q,43.37,43.37%,irbank_pl=43.37|irbank_q=43.37,https://irbank.net/E36666/results,https://irbank.net/E36666/quarter,2026-08-13T11:40:46.611262+09:00
FY2022-06,4073,total_assets,,JPY_million,10,SINGLE_SOURCE,irbank_bs,1510,15.1億,,,,irbank_bs=1510,https://irbank.net/E36666/results,,2026-08-13T11:40:46.611262+09:00
FY2023-06,4073,bps,136.38,JPY,0.01,OK,kabutan_bs,136.38,136.38,irbank_bs,136.38,136.38,kabutan_bs=136.38|irbank_bs=136.38,https://kabutan.jp/stock/finance?code=4073,https://irbank.net/E36666/results,2026-08-13T11:40:46.611262+09:00
FY2023-06,4073,capex,,JPY_million,1,SINGLE_SOURCE,irbank_cf,-141,-141百万,,,,irbank_cf=-141,https://irbank.net/E36666/results,,2026-08-13T11:40:46.611262+09:00
FY2023-06,4073,cash_equivalents,725,JPY_million,1,OK,kabutan_cf,725,725,irbank_cf,725,7.25億,kabutan_cf=725|irbank_cf=725,https://kabutan.jp/stock/finance?code=4073,https://irbank.net/E36666/results,2026-08-13T11:40:46.611262+09:00
FY2023-06,4073,cost_ratio,,pct,0.01,MISMATCH,irbank_pl,68.16,68.16,irbank_q,62.97,62.97%+5.81%,irbank_pl=68.16|irbank_q=62.97,https://irbank.net/E36666/results,https://irbank.net/E36666/quarter,2026-08-13T11:40:46.611262+09:00
FY2023-06,4073,eps,-310.4,JPY,0.1,OK,kabutan_fy,-310.4,-310.4,irbank_pl,-310.4,-310.4,kabutan_fy=-310.4|irbank_pl=-310.4,https://kabutan.jp/stock/finance?code=4073,https://irbank.net/E36666/results,2026-08-13T11:40:46.611262+09:00
FY2023-06,4073,equity,,JPY_million,1,SINGLE_SOURCE,kabutan_bs,340,340,,,,kabutan_bs=340,https://kabutan.jp/stock/finance?code=4073,,2026-08-13T16:55:01.835153+09:00
FY2023-06,4073,equity_ratio,21.7,pct,0.1,OK,kabutan_bs,21.7,21.7,irbank_bs,21.7,21.7,kabutan_bs=21.7|irbank_bs=21.7,https://kabutan.jp/stock/finance?code=4073,https://irbank.net/E36666/results,2026-08-13T11:40:46.611262+09:00
FY2023-06,4073,financing_cf,735,JPY_million,1,OK,kabutan_cf,735,735,irbank_cf,735,735百万,kabutan_cf=735|irbank_cf=735,https://kabutan.jp/stock/finance?code=4073,https://irbank.net/E36666/results,2026-08-13T11:40:46.611262+09:00
FY2023-06,4073,free_cf,-394,JPY_million,1,OK|ROUNDING,kabutan_cf,-394,-394,irbank_cf,-395,-395百万,kabutan_cf=-394|irbank_cf=-395,https://kabutan.jp/stock/finance?code=4073,https://irbank.net/E36666/results,2026-08-13T11:40:46.611262+09:00
FY2023-06,4073,interest_bearing_debt,,JPY_million,1,SINGLE_SOURCE,irbank_bs,844,8.44億,,,,irbank_bs=844,https://irbank.net/E36666/results,,2026-08-13T11:40:46.611262+09:00
FY2023-06,4073,interest_bearing_debt_ratio,2.4804,x,0.01,OK|ROUNDING|UNIT_CONVERTED,kabutan_bs,2.48,2.48,irbank_bs,2.4804,248.04,kabutan_bs=2.48|irbank_bs=2.4804,https://kabutan.jp/stock/finance?code=4073,https://irbank.net/E36666/results,2026-08-13T11:40:46.611262+09:00
FY2023-06,4073,investing_cf,-143,JPY_million,1,OK|ROUNDING,kabutan_cf,-143,-143,irbank_cf,-144,-144百万,kabutan_cf=-143|irbank_cf=-144,https://kabutan.jp/stock/finance?code=4073,https://irbank.net/E36666/results,2026-08-13T11:40:46.611262+09:00
FY2023-06,4073,net_assets,,JPY_million,10,SINGLE_SOURCE,irbank_bs,340,3.4億,,,,irbank_bs=340,https://irbank.net/E36666/results,,2026-08-13T11:40:46.611262+09:00
FY2023-06,4073,net_income,-773,JPY_million,1,OK|ROUNDING,kabutan_fy,-773,-773,irbank_pl,-774,-774百万,kabutan_fy=-773|irbank_pl=-774|irbank_q=-774,https://kabutan.jp/stock/finance?code=4073,https://irbank.net/E36666/results,2026-08-13T11:40:46.611262+09:00
FY2023-06,4073,operating_cf,-251,JPY_million,1,OK,kabutan_cf,-251,-251,irbank_cf,-251,-251百万,kabutan_cf=-251|irbank_cf=-251,https://kabutan.jp/stock/finance?code=4073,https://irbank.net/E36666/results,2026-08-13T11:40:46.611262+09:00
FY2023-06,4073,operating_income,-273,JPY_million,1,OK,kabutan_fy,-273,-273,kabutan_cf,-273,-273,kabutan_fy=-273|kabutan_cf=-273|irbank_pl=-273|irbank_q=-273,https://kabutan.jp/stock/finance?code=4073,https://kabutan.jp/stock/finance?code=4073,2026-08-13T11:40:46.611262+09:00
FY2023-06,4073,operating_margin,,pct,0.01,SINGLE_SOURCE,irbank_pl,-17.62,-17.62,irbank_q,-17.62,-17.62%,irbank_pl=-17.62|irbank_q=-17.62,https://irbank.net/E36666/results,https://irbank.net/E36666/quarter,2026-08-13T11:40:46.611262+09:00
FY2023-06,4073,ordinary_income,-297,JPY_million,1,OK|ROUNDING,kabutan_fy,-297,-297,irbank_pl,-298,-298百万,kabutan_fy=-297|irbank_pl=-298|irbank_q=-298,https://kabutan.jp/stock/finance?code=4073,https://irbank.net/E36666/results,2026-08-13T11:40:46.611262+09:00
FY2023-06,4073,retained_earnings,-407,JPY_million,1,OK,kabutan_bs,-407,-407,irbank_bs,-407,-407百万,kabutan_bs=-407|irbank_bs=-407,https://kabutan.jp/stock/finance?code=4073,https://irbank.net/E36666/results,2026-08-13T11:40:46.611262+09:00
FY2023-06,4073,revenue,1549,JPY_million,10,OK|ROUNDING,kabutan_fy,1549,"1,549",kabutan_fy10,1549,"1,549",kabutan_fy=1549|kabutan_fy10=1549|irbank_pl=1550|irbank_q=1549,https://kabutan.jp/stock/finance?code=4073,https://kabutan.jp/stock/finance?code=4073,2026-08-13T11:40:46.611262+09:00
FY2023-06,4073,sga_ratio,,pct,0.01,SINGLE_SOURCE,irbank_pl,49.46,49.46,irbank_q,49.46,49.46%+6.09%,irbank_pl=49.46|irbank_q=49.46,https://irbank.net/E36666/results,https://irbank.net/E36666/quarter,2026-08-13T11:40:46.611262+09:00
FY2023-06,4073,total_assets,1571,JPY_million,10,OK|ROUNDING,kabutan_bs,1571,"1,571",irbank_bs,1570,15.7億,kabutan_bs=1571|irbank_bs=1570,https://kabutan.jp/stock/finance?code=4073,https://irbank.net/E36666/results,2026-08-13T11:40:46.611262+09:00
FY2024-06,4073,bps,165.82,JPY,0.01,OK,kabutan_bs,165.82,165.82,irbank_bs,165.82,165.82,kabutan_bs=165.82|irbank_bs=165.82,https://kabutan.jp/stock/finance?code=4073,https://irbank.net/E36666/results,2026-08-13T11:40:46.611262+09:00
FY2024-06,4073,capex,,JPY_million,1,SINGLE_SOURCE,irbank_cf,-321,-321百万,,,,irbank_cf=-321,https://irbank.net/E36666/results,,2026-08-13T11:40:46.611262+09:00
FY2024-06,4073,cash_equivalents,699,JPY_million,100,OK|ROUNDING,kabutan_cf,699,699,irbank_cf,700,7億,kabutan_cf=699|irbank_cf=700,https://kabutan.jp/stock/finance?code=4073,https://irbank.net/E36666/results,2026-08-13T11:40:46.611262+09:00
FY2024-06,4073,cost_ratio,,pct,0.01,SINGLE_SOURCE,irbank_pl,62.39,62.39,irbank_q,62.39,62.39%-0.58%,irbank_pl=62.39|irbank_q=62.39,https://irbank.net/E36666/results,https://irbank.net/E36666/quarter,2026-08-13T11:40:46.611262+09:00
FY2024-06,4073,eps,29.07,JPY,0.1,OK|ROUNDING,kabutan_fy,29.1,29.1,kabutan_fy_profit,29.1,29.1,kabutan_fy=29.1|kabutan_fy_profit=29.1|irbank_pl=29.07,https://kabutan.jp/stock/finance?code=4073,https://kabutan.jp/stock/finance?code=4073,2026-08-13T11:40:46.611262+09:00
FY2024-06,4073,equity,,JPY_million,1,SINGLE_SOURCE,kabutan_bs,415,415,,,,kabutan_bs=415,https://kabutan.jp/stock/finance?code=4073,,2026-08-13T16:55:01.835153+09:00
FY2024-06,4073,equity_ratio,23.5,pct,0.1,OK,kabutan_bs,23.5,23.5,irbank_bs,23.5,23.5,kabutan_bs=23.5|irbank_bs=23.5,https://kabutan.jp/stock/finance?code=4073,https://irbank.net/E36666/results,2026-08-13T11:40:46.611262+09:00
FY2024-06,4073,financing_cf,101,JPY_million,1,OK|ROUNDING,kabutan_cf,101,101,irbank_cf,102,102百万,kabutan_cf=101|irbank_cf=102,https://kabutan.jp/stock/finance?code=4073,https://irbank.net/E36666/results,2026-08-13T11:40:46.611262+09:00
FY2024-06,4073,free_cf,-127,JPY_million,1,OK,kabutan_cf,-127,-127,irbank_cf,-127,-127百万,kabutan_cf=-127|irbank_cf=-127,https://kabutan.jp/stock/finance?code=4073,https://irbank.net/E36666/results,2026-08-13T11:40:46.611262+09:00
FY2024-06,4073,interest_bearing_debt,,JPY_million,1,SINGLE_SOURCE,irbank_bs,956,9.56億,,,,irbank_bs=956,https://irbank.net/E36666/results,,2026-08-13T11:40:46.611262+09:00
FY2024-06,4073,interest_bearing_debt_ratio,2.3017,x,0.01,OK|ROUNDING|UNIT_CONVERTED,kabutan_bs,2.3,2.30,irbank_bs,2.3017,230.17,kabutan_bs=2.3|irbank_bs=2.3017,https://kabutan.jp/stock/finance?code=4073,https://irbank.net/E36666/results,2026-08-13T11:40:46.611262+09:00
FY2024-06,4073,investing_cf,-190,JPY_million,1,OK|ROUNDING,kabutan_cf,-190,-190,irbank_cf,-191,-191百万,kabutan_cf=-190|irbank_cf=-191,https://kabutan.jp/stock/finance?code=4073,https://irbank.net/E36666/results,2026-08-13T11:40:46.611262+09:00
FY2024-06,4073,net_assets,,JPY_million,1,SINGLE_SOURCE,irbank_bs,415,4.15億,,,,irbank_bs=415,https://irbank.net/E36666/results,,2026-08-13T11:40:46.611262+09:00
FY2024-06,4073,net_income,72,JPY_million,1,OK|ROUNDING,kabutan_fy,72,72,irbank_pl,73,73百万,kabutan_fy=72|irbank_pl=73|irbank_q=73,https://kabutan.jp/stock/finance?code=4073,https://irbank.net/E36666/results,2026-08-13T11:40:46.611262+09:00
FY2024-06,4073,operating_cf,63,JPY_million,1,OK,kabutan_cf,63,63,irbank_cf,63,63百万,kabutan_cf=63|irbank_cf=63,https://kabutan.jp/stock/finance?code=4073,https://irbank.net/E36666/results,2026-08-13T11:40:46.611262+09:00
FY2024-06,4073,operating_income,58,JPY_million,1,OK|ROUNDING,kabutan_fy,58,58,kabutan_fy_profit,58,58,kabutan_fy=58|kabutan_fy_profit=58|kabutan_cf=58|irbank_pl=59|irbank_q=59,https://kabutan.jp/stock/finance?code=4073,https://kabutan.jp/stock/finance?code=4073,2026-08-13T11:40:46.611262+09:00
FY2024-06,4073,operating_margin,,pct,0.01,MISMATCH,kabutan_fy_profit,3.33,3.33,irbank_pl,3.36,3.36,kabutan_fy_profit=3.33|irbank_pl=3.36|irbank_q=3.36,https://kabutan.jp/stock/finance?code=4073,https://irbank.net/E36666/results,2026-08-13T11:40:46.611262+09:00
FY2024-06,4073,ordinary_income,44,JPY_million,1,OK|ROUNDING,kabutan_fy,44,44,irbank_pl,45,45百万,kabutan_fy=44|irbank_pl=45|irbank_q=45,https://kabutan.jp/stock/finance?code=4073,https://irbank.net/E36666/results,2026-08-13T11:40:46.611262+09:00
FY2024-06,4073,retained_earnings,-334,JPY_million,1,OK,kabutan_bs,-334,-334,irbank_bs,-334,-334百万,kabutan_bs=-334|irbank_bs=-334,https://kabutan.jp/stock/finance?code=4073,https://irbank.net/E36666/results,2026-08-13T11:40:46.611262+09:00
FY2024-06,4073,revenue,1740,JPY_million,10,OK,kabutan_fy,1740,"1,740",kabutan_fy10,1740,"1,740",kabutan_fy=1740|kabutan_fy10=1740|kabutan_fy_profit=1740|irbank_pl=1740|irbank_q=1740,https://kabutan.jp/stock/finance?code=4073,https://kabutan.jp/stock/finance?code=4073,2026-08-13T11:40:46.611262+09:00
FY2024-06,4073,roa,,pct,0.01,MISMATCH,kabutan_fy_profit,4.32,4.32,irbank_pl,4.11,4.11,kabutan_fy_profit=4.32|irbank_pl=4.11,https://kabutan.jp/stock/finance?code=4073,https://irbank.net/E36666/results,2026-08-13T11:40:46.611262+09:00
FY2024-06,4073,roe,,pct,0.01,MISMATCH,kabutan_fy_profit,19.07,19.07,irbank_pl,17.48,17.48,kabutan_fy_profit=19.07|irbank_pl=17.48,https://kabutan.jp/stock/finance?code=4073,https://irbank.net/E36666/results,2026-08-13T11:40:46.611262+09:00
FY2024-06,4073,sga_ratio,,pct,0.01,SINGLE_SOURCE,irbank_pl,34.24,34.24,irbank_q,34.24,34.24%-15.22%,irbank_pl=34.24|irbank_q=34.24,https://irbank.net/E36666/results,https://irbank.net/E36666/quarter,2026-08-13T11:40:46.611262+09:00
FY2024-06,4073,total_assets,1764,JPY_million,10,OK|ROUNDING,kabutan_bs,1764,"1,764",irbank_bs,1760,17.6億,kabutan_bs=1764|irbank_bs=1760,https://kabutan.jp/stock/finance?code=4073,https://irbank.net/E36666/results,2026-08-13T11:40:46.611262+09:00
FY2025-06,4073,bps,,JPY,0.01,MISMATCH,kabutan_bs,107.51,107.51,irbank_bs,107.69,107.69,kabutan_bs=107.51|irbank_bs=107.69,https://kabutan.jp/stock/finance?code=4073,https://irbank.net/E36666/results,2026-08-13T11:40:46.611262+09:00
FY2025-06,4073,capex,,JPY_million,1,SINGLE_SOURCE,irbank_cf,-232,-232百万,,,,irbank_cf=-232,https://irbank.net/E36666/results,,2026-08-13T11:40:46.611262+09:00
FY2025-06,4073,cash_equivalents,742,JPY_million,1,OK,kabutan_cf,742,742,irbank_cf,742,7.42億,kabutan_cf=742|irbank_cf=742,https://kabutan.jp/stock/finance?code=4073,https://irbank.net/E36666/results,2026-08-13T11:40:46.611262+09:00
FY2025-06,4073,cost_ratio,,pct,0.1,SINGLE_SOURCE,irbank_pl,68.4,68.4,irbank_q,68.4,68.4%+6.01%,irbank_pl=68.4|irbank_q=68.4,https://irbank.net/E36666/results,https://irbank.net/E36666/quarter,2026-08-13T11:40:46.611262+09:00
FY2025-06,4073,eps,-58.39,JPY,0.1,OK|ROUNDING,kabutan_fy,-58.4,-58.4,kabutan_fy_profit,-58.4,-58.4,kabutan_fy=-58.4|kabutan_fy_profit=-58.4|irbank_pl=-58.39,https://kabutan.jp/stock/finance?code=4073,https://kabutan.jp/stock/finance?code=4073,2026-08-13T11:40:46.611262+09:00
FY2025-06,4073,equity,,JPY_million,1,SINGLE_SOURCE,kabutan_bs,270,270,,,,kabutan_bs=270,https://kabutan.jp/stock/finance?code=4073,,2026-08-13T16:55:01.835153+09:00
FY2025-06,4073,equity_ratio,13.5,pct,0.1,OK,kabutan_bs,13.5,13.5,irbank_bs,13.5,13.5,kabutan_bs=13.5|irbank_bs=13.5,https://kabutan.jp/stock/finance?code=4073,https://irbank.net/E36666/results,2026-08-13T11:40:46.611262+09:00
FY2025-06,4073,financing_cf,505,JPY_million,1,OK|ROUNDING,kabutan_cf,505,505,irbank_cf,506,506百万,kabutan_cf=505|irbank_cf=506,https://kabutan.jp/stock/finance?code=4073,https://irbank.net/E36666/results,2026-08-13T11:40:46.611262+09:00
FY2025-06,4073,free_cf,-463,JPY_million,1,OK,kabutan_cf,-463,-463,irbank_cf,-463,-463百万,kabutan_cf=-463|irbank_cf=-463,https://kabutan.jp/stock/finance?code=4073,https://irbank.net/E36666/results,2026-08-13T11:40:46.611262+09:00
FY2025-06,4073,interest_bearing_debt,,JPY_million,10,SINGLE_SOURCE,irbank_bs,1480,14.8億,,,,irbank_bs=1480,https://irbank.net/E36666/results,,2026-08-13T11:40:46.611262+09:00
FY2025-06,4073,interest_bearing_debt_ratio,5.4672,x,0.01,OK|ROUNDING|UNIT_CONVERTED,kabutan_bs,5.46,5.46,irbank_bs,5.4672,546.72,kabutan_bs=5.46|irbank_bs=5.4672,https://kabutan.jp/stock/finance?code=4073,https://irbank.net/E36666/results,2026-08-13T11:40:46.611262+09:00
FY2025-06,4073,investing_cf,-234,JPY_million,1,OK,kabutan_cf,-234,-234,irbank_cf,-234,-234百万,kabutan_cf=-234|irbank_cf=-234,https://kabutan.jp/stock/finance?code=4073,https://irbank.net/E36666/results,2026-08-13T11:40:46.611262+09:00
FY2025-06,4073,net_assets,,JPY_million,10,SINGLE_SOURCE,irbank_bs,270,2.7億,,,,irbank_bs=270,https://irbank.net/E36666/results,,2026-08-13T11:40:46.611262+09:00
FY2025-06,4073,net_income,-146,JPY_million,1,OK,kabutan_fy,-146,-146,irbank_pl,-146,-146百万,kabutan_fy=-146|irbank_pl=-146|irbank_q=-146,https://kabutan.jp/stock/finance?code=4073,https://irbank.net/E36666/results,2026-08-13T11:40:46.611262+09:00
FY2025-06,4073,operating_cf,-229,JPY_million,1,OK,kabutan_cf,-229,-229,irbank_cf,-229,-229百万,kabutan_cf=-229|irbank_cf=-229,https://kabutan.jp/stock/finance?code=4073,https://irbank.net/E36666/results,2026-08-13T11:40:46.611262+09:00
FY2025-06,4073,operating_income,-80,JPY_million,1,OK,kabutan_fy,-80,-80,kabutan_fy_profit,-80,-80,kabutan_fy=-80|kabutan_fy_profit=-80|kabutan_cf=-80|irbank_pl=-80|irbank_q=-80,https://kabutan.jp/stock/finance?code=4073,https://kabutan.jp/stock/finance?code=4073,2026-08-13T11:40:46.611262+09:00
FY2025-06,4073,operating_margin,-4.34,pct,0.01,OK,kabutan_fy_profit,-4.34,-4.34,irbank_pl,-4.34,-4.34,kabutan_fy_profit=-4.34|irbank_pl=-4.34|irbank_q=-4.34,https://kabutan.jp/stock/finance?code=4073,https://irbank.net/E36666/results,2026-08-13T11:40:46.611262+09:00
FY2025-06,4073,ordinary_income,-115,JPY_million,1,OK|ROUNDING,kabutan_fy,-115,-115,irbank_pl,-116,-116百万,kabutan_fy=-115|irbank_pl=-116|irbank_q=-116,https://kabutan.jp/stock/finance?code=4073,https://irbank.net/E36666/results,2026-08-13T11:40:46.611262+09:00
FY2025-06,4073,retained_earnings,-480,JPY_million,1,OK|ROUNDING,kabutan_bs,-480,-480,irbank_bs,-481,-481百万,kabutan_bs=-480|irbank_bs=-481,https://kabutan.jp/stock/finance?code=4073,https://irbank.net/E36666/results,2026-08-13T11:40:46.611262+09:00
FY2025-06,4073,revenue,1844,JPY_million,10,OK|ROUNDING,kabutan_fy,1844,"1,844",kabutan_fy10,1844,"1,844",kabutan_fy=1844|kabutan_fy10=1844|kabutan_fy_profit=1844|irbank_pl=1840|irbank_q=1844,https://kabutan.jp/stock/finance?code=4073,https://kabutan.jp/stock/finance?code=4073,2026-08-13T11:40:46.611262+09:00
FY2025-06,4073,roa,,pct,0.01,SINGLE_SOURCE,kabutan_fy_profit,-7.75,-7.75,,,,kabutan_fy_profit=-7.75,https://kabutan.jp/stock/finance?code=4073,,2026-08-13T11:40:46.611262+09:00
FY2025-06,4073,roe,,pct,0.01,SINGLE_SOURCE,kabutan_fy_profit,-42.63,-42.63,,,,kabutan_fy_profit=-42.63,https://kabutan.jp/stock/finance?code=4073,,2026-08-13T11:40:46.611262+09:00
FY2025-06,4073,sga_ratio,,pct,0.01,SINGLE_SOURCE,irbank_pl,35.94,35.94,irbank_q,35.94,35.94%+1.7%,irbank_pl=35.94|irbank_q=35.94,https://irbank.net/E36666/results,https://irbank.net/E36666/quarter,2026-08-13T11:40:46.611262+09:00
FY2025-06,4073,total_assets,2004,JPY_million,100,OK|ROUNDING,kabutan_bs,2004,"2,004",irbank_bs,2000,20億,kabutan_bs=2004|irbank_bs=2000,https://kabutan.jp/stock/finance?code=4073,https://irbank.net/E36666/results,2026-08-13T11:40:46.611262+09:00
FY2026-06,4073,eps_plan,21.28,JPY,0.1,OK|ROUNDING,kabutan_fy,21.3,21.3,kabutan_fy10,21.3,21.3,kabutan_fy=21.3|kabutan_fy10=21.3|kabutan_fy_profit=21.3|irbank_pl=21.28,https://kabutan.jp/stock/finance?code=4073,https://kabutan.jp/stock/finance?code=4073,2026-08-13T11:40:46.611262+09:00
FY2026-06,4073,net_income_plan,54,JPY_million,1,OK,kabutan_fy,54,54,irbank_pl,54,54百万,kabutan_fy=54|irbank_pl=54,https://kabutan.jp/stock/finance?code=4073,https://irbank.net/E36666/results,2026-08-13T11:40:46.611262+09:00
FY2026-06,4073,operating_income_plan,92,JPY_million,1,OK,kabutan_fy,92,92,kabutan_fy10,92,92,kabutan_fy=92|kabutan_fy10=92|kabutan_fy_profit=92|irbank_pl=92,https://kabutan.jp/stock/finance?code=4073,https://kabutan.jp/stock/finance?code=4073,2026-08-13T11:40:46.611262+09:00
FY2026-06,4073,operating_margin_plan,3.83,pct,0.01,OK,kabutan_fy_profit,3.83,3.83,irbank_pl,3.83,3.83,kabutan_fy_profit=3.83|irbank_pl=3.83,https://kabutan.jp/stock/finance?code=4073,https://irbank.net/E36666/results,2026-08-13T11:40:46.611262+09:00
FY2026-06,4073,ordinary_income_plan,55,JPY_million,1,OK,kabutan_fy,55,55,kabutan_fy10,55,55,kabutan_fy=55|kabutan_fy10=55|irbank_pl=55,https://kabutan.jp/stock/finance?code=4073,https://kabutan.jp/stock/finance?code=4073,2026-08-13T11:40:46.611262+09:00
FY2026-06,4073,revenue_plan,2403,JPY_million,100,OK|ROUNDING,kabutan_fy,2403,"2,403",kabutan_fy10,2403,"2,403",kabutan_fy=2403|kabutan_fy10=2403|kabutan_fy_profit=2403|irbank_pl=2400,https://kabutan.jp/stock/finance?code=4073,https://kabutan.jp/stock/finance?code=4073,2026-08-13T11:40:46.611262+09:00
FY2026-06,4073,roa_plan,2.89,pct,0.01,OK,kabutan_fy_profit,2.89,2.89,irbank_pl,2.89,2.89,kabutan_fy_profit=2.89|irbank_pl=2.89,https://kabutan.jp/stock/finance?code=4073,https://irbank.net/E36666/results,2026-08-13T11:40:46.611262+09:00
FY2026-06,4073,roe_plan,,pct,0.01,MISMATCH,kabutan_fy_profit,29.19,29.19,irbank_pl,29.05,29.05,kabutan_fy_profit=29.19|irbank_pl=29.05,https://kabutan.jp/stock/finance?code=4073,https://irbank.net/E36666/results,2026-08-13T11:40:46.611262+09:00
H2023-01_2023-06,4073,eps,,JPY,0.1,SINGLE_SOURCE,kabutan_half,-62.6,-62.6,,,,kabutan_half=-62.6,https://kabutan.jp/stock/finance?code=4073,,2026-08-13T11:40:46.611262+09:00
H2023-01_2023-06,4073,net_income,,JPY_million,1,SINGLE_SOURCE,kabutan_half,-156,-156,,,,kabutan_half=-156,https://kabutan.jp/stock/finance?code=4073,,2026-08-13T11:40:46.611262+09:00
H2023-01_2023-06,4073,operating_income,,JPY_million,1,SINGLE_SOURCE,kabutan_half,-114,-114,,,,kabutan_half=-114,https://kabutan.jp/stock/finance?code=4073,,2026-08-13T11:40:46.611262+09:00
H2023-01_2023-06,4073,ordinary_income,,JPY_million,1,SINGLE_SOURCE,kabutan_half,-133,-133,,,,kabutan_half=-133,https://kabutan.jp/stock/finance?code=4073,,2026-08-13T11:40:46.611262+09:00
H2023-01_2023-06,4073,revenue,,JPY_million,1,SINGLE_SOURCE,kabutan_half,848,848,,,,kabutan_half=848,https://kabutan.jp/stock/finance?code=4073,,2026-08-13T11:40:46.611262+09:00
H2024-01_2024-06,4073,eps,,JPY,0.1,SINGLE_SOURCE,kabutan_half,-3.6,-3.6,,,,kabutan_half=-3.6,https://kabutan.jp/stock/finance?code=4073,,2026-08-13T11:40:46.611262+09:00
H2024-01_2024-06,4073,net_income,,JPY_million,1,SINGLE_SOURCE,kabutan_half,-9,-9,,,,kabutan_half=-9,https://kabutan.jp/stock/finance?code=4073,,2026-08-13T11:40:46.611262+09:00
H2024-01_2024-06,4073,operating_income,,JPY_million,1,SINGLE_SOURCE,kabutan_half,-24,-24,,,,kabutan_half=-24,https://kabutan.jp/stock/finance?code=4073,,2026-08-13T11:40:46.611262+09:00
H2024-01_2024-06,4073,ordinary_income,,JPY_million,1,SINGLE_SOURCE,kabutan_half,-36,-36,,,,kabutan_half=-36,https://kabutan.jp/stock/finance?code=4073,,2026-08-13T11:40:46.611262+09:00
H2024-01_2024-06,4073,revenue,,JPY_million,1,SINGLE_SOURCE,kabutan_half,781,781,,,,kabutan_half=781,https://kabutan.jp/stock/finance?code=4073,,2026-08-13T11:40:46.611262+09:00
H2025-01_2025-06,4073,eps,,JPY,0.1,SINGLE_SOURCE,kabutan_half,-21.6,-21.6,,,,kabutan_half=-21.6,https://kabutan.jp/stock/finance?code=4073,,2026-08-13T11:40:46.611262+09:00
H2025-01_2025-06,4073,net_income,,JPY_million,1,SINGLE_SOURCE,kabutan_half,-54,-54,,,,kabutan_half=-54,https://kabutan.jp/stock/finance?code=4073,,2026-08-13T11:40:46.611262+09:00
H2025-01_2025-06,4073,operating_income,,JPY_million,1,SINGLE_SOURCE,kabutan_half,-8,-8,,,,kabutan_half=-8,https://kabutan.jp/stock/finance?code=4073,,2026-08-13T11:40:46.611262+09:00
H2025-01_2025-06,4073,ordinary_income,,JPY_million,1,SINGLE_SOURCE,kabutan_half,-28,-28,,,,kabutan_half=-28,https://kabutan.jp/stock/finance?code=4073,,2026-08-13T11:40:46.611262+09:00
H2025-01_2025-06,4073,revenue,,JPY_million,1,SINGLE_SOURCE,kabutan_half,945,945,,,,kabutan_half=945,https://kabutan.jp/stock/finance?code=4073,,2026-08-13T11:40:46.611262+09:00
H2026-01_2026-06,4073,eps_plan,,JPY,0.1,SINGLE_SOURCE,kabutan_half,84.7,84.7,,,,kabutan_half=84.7,https://kabutan.jp/stock/finance?code=4073,,2026-08-13T11:40:46.611262+09:00
H2026-01_2026-06,4073,net_income_plan,,JPY_million,1,SINGLE_SOURCE,kabutan_half,215,215,,,,kabutan_half=215,https://kabutan.jp/stock/finance?code=4073,,2026-08-13T11:40:46.611262+09:00
H2026-01_2026-06,4073,operating_income_plan,,JPY_million,1,SINGLE_SOURCE,kabutan_half,238,238,,,,kabutan_half=238,https://kabutan.jp/stock/finance?code=4073,,2026-08-13T11:40:46.611262+09:00
H2026-01_2026-06,4073,ordinary_income_plan,,JPY_million,1,SINGLE_SOURCE,kabutan_half,216,216,,,,kabutan_half=216,https://kabutan.jp/stock/finance?code=4073,,2026-08-13T11:40:46.611262+09:00
H2026-01_2026-06,4073,revenue_plan,,JPY_million,1,SINGLE_SOURCE,kabutan_half,1633,"1,633",,,,kabutan_half=1633,https://kabutan.jp/stock/finance?code=4073,,2026-08-13T11:40:46.611262+09:00
Q2021-04_2021-06,4073,revenue,,JPY_million,1,SINGLE_SOURCE|PERIOD_ASTERISK,kabutan_q10,562,562,,,,kabutan_q10=562,https://kabutan.jp/stock/finance?code=4073,,2026-08-13T11:40:46.611262+09:00
Q2021-07_2021-09,4073,cost_ratio,,pct,0.01,SINGLE_SOURCE,irbank_q,73.97,73.97%,,,,irbank_q=73.97,https://irbank.net/E36666/quarter,,2026-08-13T11:40:46.611262+09:00
Q2021-07_2021-09,4073,net_income,,JPY_million,1,SINGLE_SOURCE,irbank_q,-86,-86百万,,,,irbank_q=-86,https://irbank.net/E36666/quarter,,2026-08-13T11:40:46.611262+09:00
Q2021-07_2021-09,4073,operating_income,,JPY_million,1,SINGLE_SOURCE,irbank_q,-104,-104百万,,,,irbank_q=-104,https://irbank.net/E36666/quarter,,2026-08-13T11:40:46.611262+09:00
Q2021-07_2021-09,4073,operating_margin,,pct,0.1,SINGLE_SOURCE,irbank_q,-31.1,-31.1%,,,,irbank_q=-31.1,https://irbank.net/E36666/quarter,,2026-08-13T11:40:46.611262+09:00
Q2021-07_2021-09,4073,ordinary_income,,JPY_million,1,SINGLE_SOURCE,irbank_q,-123,-123百万,,,,irbank_q=-123,https://irbank.net/E36666/quarter,,2026-08-13T11:40:46.611262+09:00
Q2021-07_2021-09,4073,revenue,332,JPY_million,1,OK|ROUNDING,kabutan_q10,332,332,irbank_q,333,333百万,kabutan_q10=332|irbank_q=333,https://kabutan.jp/stock/finance?code=4073,https://irbank.net/E36666/quarter,2026-08-13T11:40:46.611262+09:00
Q2021-07_2021-09,4073,sga_ratio,,pct,0.01,SINGLE_SOURCE,irbank_q,57.13,57.13%,,,,irbank_q=57.13,https://irbank.net/E36666/quarter,,2026-08-13T11:40:46.611262+09:00
Q2021-10_2021-12,4073,cost_ratio,,pct,0.01,SINGLE_SOURCE,irbank_q,68.91,68.91%,,,,irbank_q=68.91,https://irbank.net/E36666/quarter,,2026-08-13T11:40:46.611262+09:00
Q2021-10_2021-12,4073,net_income,,JPY_million,1,SINGLE_SOURCE,irbank_q,-122,-122百万,,,,irbank_q=-122,https://irbank.net/E36666/quarter,,2026-08-13T11:40:46.611262+09:00
Q2021-10_2021-12,4073,operating_income,,JPY_million,1,SINGLE_SOURCE,irbank_q,-69,-69百万,,,,irbank_q=-69,https://irbank.net/E36666/quarter,,2026-08-13T11:40:46.611262+09:00
Q2021-10_2021-12,4073,operating_margin,,pct,0.01,SINGLE_SOURCE,irbank_q,-20.29,-20.29%,,,,irbank_q=-20.29,https://irbank.net/E36666/quarter,,2026-08-13T11:40:46.611262+09:00
Q2021-10_2021-12,4073,ordinary_income,,JPY_million,1,SINGLE_SOURCE,irbank_q,-75,-75百万,,,,irbank_q=-75,https://irbank.net/E36666/quarter,,2026-08-13T11:40:46.611262+09:00
Q2021-10_2021-12,4073,revenue,339,JPY_million,1,OK|ROUNDING,kabutan_q10,339,339,irbank_q,338,338百万,kabutan_q10=339|irbank_q=338,https://kabutan.jp/stock/finance?code=4073,https://irbank.net/E36666/quarter,2026-08-13T11:40:46.611262+09:00
Q2021-10_2021-12,4073,sga_ratio,,pct,0.01,SINGLE_SOURCE,irbank_q,51.38,51.38%,,,,irbank_q=51.38,https://irbank.net/E36666/quarter,,2026-08-13T11:40:46.611262+09:00
Q2022-01_2022-03,4073,cost_ratio,,pct,0.01,SINGLE_SOURCE,irbank_q,65.63,65.63%,,,,irbank_q=65.63,https://irbank.net/E36666/quarter,,2026-08-13T11:40:46.611262+09:00
Q2022-01_2022-03,4073,net_income,,JPY_million,1,SINGLE_SOURCE,irbank_q,-27,-27百万,,,,irbank_q=-27,https://irbank.net/E36666/quarter,,2026-08-13T11:40:46.611262+09:00
Q2022-01_2022-03,4073,operating_income,,JPY_million,1,SINGLE_SOURCE,irbank_q,-43,-43百万,,,,irbank_q=-43,https://irbank.net/E36666/quarter,,2026-08-13T11:40:46.611262+09:00
Q2022-01_2022-03,4073,operating_margin,,pct,0.01,SINGLE_SOURCE,irbank_q,-12.36,-12.36%,,,,irbank_q=-12.36,https://irbank.net/E36666/quarter,,2026-08-13T11:40:46.611262+09:00
Q2022-01_2022-03,4073,ordinary_income,,JPY_million,1,SINGLE_SOURCE,irbank_q,-44,-44百万,,,,irbank_q=-44,https://irbank.net/E36666/quarter,,2026-08-13T11:40:46.611262+09:00
Q2022-01_2022-03,4073,revenue,347,JPY_million,1,OK,kabutan_q10,347,347,irbank_q,347,347百万,kabutan_q10=347|irbank_q=347,https://kabutan.jp/stock/finance?code=4073,https://irbank.net/E36666/quarter,2026-08-13T11:40:46.611262+09:00
Q2022-01_2022-03,4073,sga_ratio,,pct,0.01,SINGLE_SOURCE,irbank_q,46.73,46.73%,,,,irbank_q=46.73,https://irbank.net/E36666/quarter,,2026-08-13T11:40:46.611262+09:00
Q2022-04_2022-06,4073,cost_ratio,,pct,0.01,SINGLE_SOURCE,irbank_q,35.22,35.22%,,,,irbank_q=35.22,https://irbank.net/E36666/quarter,,2026-08-13T11:40:46.611262+09:00
Q2022-04_2022-06,4073,eps,,JPY,0.1,SINGLE_SOURCE,kabutan_record_q,62,62.0,,,,kabutan_record_q=62,https://kabutan.jp/stock/finance?code=4073,,2026-08-13T11:40:46.611262+09:00
Q2022-04_2022-06,4073,net_income,144,JPY_million,1,OK,kabutan_record_q,144,144,irbank_q,144,144百万,kabutan_record_q=144|irbank_q=144,https://kabutan.jp/stock/finance?code=4073,https://irbank.net/E36666/quarter,2026-08-13T11:40:46.611262+09:00
Q2022-04_2022-06,4073,operating_income,160,JPY_million,1,OK|ROUNDING,kabutan_record_q,160,160,irbank_q,159,159百万,kabutan_record_q=160|irbank_q=159,https://kabutan.jp/stock/finance?code=4073,https://irbank.net/E36666/quarter,2026-08-13T11:40:46.611262+09:00
Q2022-04_2022-06,4073,operating_margin,,pct,0.01,SINGLE_SOURCE,irbank_q,27.95,27.95%,,,,irbank_q=27.95,https://irbank.net/E36666/quarter,,2026-08-13T11:40:46.611262+09:00
Q2022-04_2022-06,4073,ordinary_income,159,JPY_million,1,OK,kabutan_record_q,159,159,irbank_q,159,159百万,kabutan_record_q=159|irbank_q=159,https://kabutan.jp/stock/finance?code=4073,https://irbank.net/E36666/quarter,2026-08-13T11:40:46.611262+09:00
Q2022-04_2022-06,4073,revenue,570,JPY_million,1,OK,kabutan_q10,570,570,irbank_q,570,570百万,kabutan_q10=570|irbank_q=570,https://kabutan.jp/stock/finance?code=4073,https://irbank.net/E36666/quarter,2026-08-13T11:40:46.611262+09:00
Q2022-04_2022-06,4073,sga_ratio,,pct,0.01,SINGLE_SOURCE,irbank_q,28.54,28.54%,,,,irbank_q=28.54,https://irbank.net/E36666/quarter,,2026-08-13T11:40:46.611262+09:00
Q2022-07_2022-09,4073,cost_ratio,,pct,0.01,SINGLE_SOURCE,irbank_q,76.65,76.65%+2.68%,,,,irbank_q=76.65,https://irbank.net/E36666/quarter,,2026-08-13T11:40:46.611262+09:00
Q2022-07_2022-09,4073,net_income,,JPY_million,1,SINGLE_SOURCE,irbank_q,-83,-83百万,,,,irbank_q=-83,https://irbank.net/E36666/quarter,,2026-08-13T11:40:46.611262+09:00
Q2022-07_2022-09,4073,operating_income,,JPY_million,1,SINGLE_SOURCE,irbank_q,-91,-91百万,,,,irbank_q=-91,https://irbank.net/E36666/quarter,,2026-08-13T11:40:46.611262+09:00
Q2022-07_2022-09,4073,operating_margin,,pct,0.01,SINGLE_SOURCE,irbank_q,-26.13,-26.13%,,,,irbank_q=-26.13,https://irbank.net/E36666/quarter,,2026-08-13T11:40:46.611262+09:00
Q2022-07_2022-09,4073,ordinary_income,,JPY_million,1,SINGLE_SOURCE,irbank_q,-92,-92百万,,,,irbank_q=-92,https://irbank.net/E36666/quarter,,2026-08-13T11:40:46.611262+09:00
Q2022-07_2022-09,4073,revenue,349,JPY_million,1,OK,kabutan_q10,349,349,irbank_q,349,349百万+4.9%,kabutan_q10=349|irbank_q=349,https://kabutan.jp/stock/finance?code=4073,https://irbank.net/E36666/quarter,2026-08-13T11:40:46.611262+09:00
Q2022-07_2022-09,4073,sga_ratio,,pct,0.01,SINGLE_SOURCE,irbank_q,49.47,49.47%-7.66%,,,,irbank_q=49.47,https://irbank.net/E36666/quarter,,2026-08-13T11:40:46.611262+09:00
Q2022-10_2022-12,4073,cost_ratio,,pct,0.01,SINGLE_SOURCE,irbank_q,74.09,74.09%+5.18%,,,,irbank_q=74.09,https://irbank.net/E36666/quarter,,2026-08-13T11:40:46.611262+09:00
Q2022-10_2022-12,4073,net_income,,JPY_million,1,SINGLE_SOURCE,irbank_q,-535,-535百万,,,,irbank_q=-535,https://irbank.net/E36666/quarter,,2026-08-13T11:40:46.611262+09:00
Q2022-10_2022-12,4073,operating_income,,JPY_million,1,SINGLE_SOURCE,irbank_q,-68,-68百万,,,,irbank_q=-68,https://irbank.net/E36666/quarter,,2026-08-13T11:40:46.611262+09:00
Q2022-10_2022-12,4073,operating_margin,,pct,0.01,SINGLE_SOURCE,irbank_q,-19.26,-19.26%,,,,irbank_q=-19.26,https://irbank.net/E36666/quarter,,2026-08-13T11:40:46.611262+09:00
Q2022-10_2022-12,4073,ordinary_income,,JPY_million,1,SINGLE_SOURCE,irbank_q,-73,-73百万,,,,irbank_q=-73,https://irbank.net/E36666/quarter,,2026-08-13T11:40:46.611262+09:00
Q2022-10_2022-12,4073,revenue,352,JPY_million,1,OK|ROUNDING,kabutan_q10,352,352,irbank_q,353,353百万+4.2%,kabutan_q10=352|irbank_q=353,https://kabutan.jp/stock/finance?code=4073,https://irbank.net/E36666/quarter,2026-08-13T11:40:46.611262+09:00
Q2022-10_2022-12,4073,sga_ratio,,pct,0.01,SINGLE_SOURCE,irbank_q,45.17,45.17%-6.21%,,,,irbank_q=45.17,https://irbank.net/E36666/quarter,,2026-08-13T11:40:46.611262+09:00
Q2023-01_2023-03,4073,cost_ratio,,pct,0.01,SINGLE_SOURCE,irbank_q,57.28,57.28%-8.35%,,,,irbank_q=57.28,https://irbank.net/E36666/quarter,,2026-08-13T11:40:46.611262+09:00
Q2023-01_2023-03,4073,net_income,,JPY_million,0.01,SINGLE_SOURCE,irbank_q,-0.43,-0.43百万,,,,irbank_q=-0.43,https://irbank.net/E36666/quarter,,2026-08-13T11:40:46.611262+09:00
Q2023-01_2023-03,4073,operating_income,,JPY_million,1,SINGLE_SOURCE,irbank_q,18,18百万,,,,irbank_q=18,https://irbank.net/E36666/quarter,,2026-08-13T11:40:46.611262+09:00
Q2023-01_2023-03,4073,operating_margin,,pct,0.1,SINGLE_SOURCE,irbank_q,3.7,3.7%,,,,irbank_q=3.7,https://irbank.net/E36666/quarter,,2026-08-13T11:40:46.611262+09:00
Q2023-01_2023-03,4073,ordinary_income,,JPY_million,1,SINGLE_SOURCE,irbank_q,19,19百万,,,,irbank_q=19,https://irbank.net/E36666/quarter,,2026-08-13T11:40:46.611262+09:00
Q2023-01_2023-03,4073,revenue,496,JPY_million,1,OK,kabutan_q10,496,496,irbank_q,496,496百万+42.8%,kabutan_q10=496|irbank_q=496,https://kabutan.jp/stock/finance?code=4073,https://irbank.net/E36666/quarter,2026-08-13T11:40:46.611262+09:00
Q2023-01_2023-03,4073,sga_ratio,,pct,0.01,SINGLE_SOURCE,irbank_q,39.03,39.03%-7.7%,,,,irbank_q=39.03,https://irbank.net/E36666/quarter,,2026-08-13T11:40:46.611262+09:00
Q2023-04_2023-06,4073,cost_ratio,,pct,0.01,SINGLE_SOURCE,irbank_q,46.25,46.25%+11.03%,,,,irbank_q=46.25,https://irbank.net/E36666/quarter,,2026-08-13T11:40:46.611262+09:00
Q2023-04_2023-06,4073,net_income,,JPY_million,1,SINGLE_SOURCE,irbank_q,-156,-156百万,,,,irbank_q=-156,https://irbank.net/E36666/quarter,,2026-08-13T11:40:46.611262+09:00
Q2023-04_2023-06,4073,operating_income,,JPY_million,1,SINGLE_SOURCE,irbank_q,-132,-132百万,,,,irbank_q=-132,https://irbank.net/E36666/quarter,,2026-08-13T11:40:46.611262+09:00
Q2023-04_2023-06,4073,operating_margin,,pct,0.01,SINGLE_SOURCE,irbank_q,-37.58,-37.58%,,,,irbank_q=-37.58,https://irbank.net/E36666/quarter,,2026-08-13T11:40:46.611262+09:00
Q2023-04_2023-06,4073,ordinary_income,,JPY_million,1,SINGLE_SOURCE,irbank_q,-151,-151百万,,,,irbank_q=-151,https://irbank.net/E36666/quarter,,2026-08-13T11:40:46.611262+09:00
Q2023-04_2023-06,4073,revenue,352,JPY_million,1,OK,kabutan_q10,352,352,irbank_q,352,352百万-38.3%,kabutan_q10=352|irbank_q=352,https://kabutan.jp/stock/finance?code=4073,https://irbank.net/E36666/quarter,2026-08-13T11:40:46.611262+09:00
Q2023-04_2023-06,4073,sga_ratio,,pct,0.01,SINGLE_SOURCE,irbank_q,68.45,68.45%+39.91%,,,,irbank_q=68.45,https://irbank.net/E36666/quarter,,2026-08-13T11:40:46.611262+09:00
Q2023-07_2023-09,4073,cost_ratio,,pct,0.01,SINGLE_SOURCE,irbank_q,62.12,62.12%-14.53%,,,,irbank_q=62.12,https://irbank.net/E36666/quarter,,2026-08-13T11:40:46.611262+09:00
Q2023-07_2023-09,4073,net_income,,JPY_million,1,SINGLE_SOURCE,irbank_q,53,53百万,,,,irbank_q=53,https://irbank.net/E36666/quarter,,2026-08-13T11:40:46.611262+09:00
Q2023-07_2023-09,4073,operating_income,,JPY_million,1,SINGLE_SOURCE,irbank_q,49,49百万,,,,irbank_q=49,https://irbank.net/E36666/quarter,,2026-08-13T11:40:46.611262+09:00
Q2023-07_2023-09,4073,operating_margin,,pct,0.01,SINGLE_SOURCE,irbank_q,9.52,9.52%,,,,irbank_q=9.52,https://irbank.net/E36666/quarter,,2026-08-13T11:40:46.611262+09:00
Q2023-07_2023-09,4073,ordinary_income,,JPY_million,1,SINGLE_SOURCE,irbank_q,50,50百万,,,,irbank_q=50,https://irbank.net/E36666/quarter,,2026-08-13T11:40:46.611262+09:00
Q2023-07_2023-09,4073,revenue,517,JPY_million,1,OK|ROUNDING,kabutan_q10,517,517,irbank_q,518,518百万+48.2%,kabutan_q10=517|irbank_q=518,https://kabutan.jp/stock/finance?code=4073,https://irbank.net/E36666/quarter,2026-08-13T11:40:46.611262+09:00
Q2023-07_2023-09,4073,sga_ratio,,pct,0.01,SINGLE_SOURCE,irbank_q,28.36,28.36%-21.11%,,,,irbank_q=28.36,https://irbank.net/E36666/quarter,,2026-08-13T11:40:46.611262+09:00
Q2023-10_2023-12,4073,cost_ratio,,pct,0.01,SINGLE_SOURCE,irbank_q,58.12,58.12%-15.97%,,,,irbank_q=58.12,https://irbank.net/E36666/quarter,,2026-08-13T11:40:46.611262+09:00
Q2023-10_2023-12,4073,net_income,,JPY_million,1,SINGLE_SOURCE,irbank_q,29,29百万,,,,irbank_q=29,https://irbank.net/E36666/quarter,,2026-08-13T11:40:46.611262+09:00
Q2023-10_2023-12,4073,operating_income,,JPY_million,1,SINGLE_SOURCE,irbank_q,33,33百万,,,,irbank_q=33,https://irbank.net/E36666/quarter,,2026-08-13T11:40:46.611262+09:00
Q2023-10_2023-12,4073,operating_margin,,pct,0.01,SINGLE_SOURCE,irbank_q,7.41,7.41%,,,,irbank_q=7.41,https://irbank.net/E36666/quarter,,2026-08-13T11:40:46.611262+09:00
Q2023-10_2023-12,4073,ordinary_income,,JPY_million,1,SINGLE_SOURCE,irbank_q,31,31百万,,,,irbank_q=31,https://irbank.net/E36666/quarter,,2026-08-13T11:40:46.611262+09:00
Q2023-10_2023-12,4073,revenue,442,JPY_million,1,OK,kabutan_q10,442,442,irbank_q,442,442百万+25.4%,kabutan_q10=442|irbank_q=442,https://kabutan.jp/stock/finance?code=4073,https://irbank.net/E36666/quarter,2026-08-13T11:40:46.611262+09:00
Q2023-10_2023-12,4073,sga_ratio,,pct,0.01,SINGLE_SOURCE,irbank_q,34.47,34.47%-10.7%,,,,irbank_q=34.47,https://irbank.net/E36666/quarter,,2026-08-13T11:40:46.611262+09:00
Q2024-01_2024-03,4073,cost_ratio,,pct,0.01,SINGLE_SOURCE,irbank_q,61.09,61.09%+3.81%,,,,irbank_q=61.09,https://irbank.net/E36666/quarter,,2026-08-13T11:40:46.611262+09:00
Q2024-01_2024-03,4073,net_income,,JPY_million,0.1,SINGLE_SOURCE,irbank_q,7.1,7.1百万,,,,irbank_q=7.1,https://irbank.net/E36666/quarter,,2026-08-13T11:40:46.611262+09:00
Q2024-01_2024-03,4073,operating_income,,JPY_million,0.1,SINGLE_SOURCE,irbank_q,9.7,9.7百万-47.2%,,,,irbank_q=9.7,https://irbank.net/E36666/quarter,,2026-08-13T11:40:46.611262+09:00
Q2024-01_2024-03,4073,operating_margin,,pct,0.01,SINGLE_SOURCE,irbank_q,2.51,2.51%-1.19%,,,,irbank_q=2.51,https://irbank.net/E36666/quarter,,2026-08-13T11:40:46.611262+09:00
Q2024-01_2024-03,4073,ordinary_income,,JPY_million,0.1,SINGLE_SOURCE,irbank_q,8.3,8.3百万-55.5%,,,,irbank_q=8.3,https://irbank.net/E36666/quarter,,2026-08-13T11:40:46.611262+09:00
Q2024-01_2024-03,4073,revenue,386,JPY_million,1,OK,kabutan_q10,386,386,irbank_q,386,386百万-22.2%,kabutan_q10=386|irbank_q=386,https://kabutan.jp/stock/finance?code=4073,https://irbank.net/E36666/quarter,2026-08-13T11:40:46.611262+09:00
Q2024-01_2024-03,4073,sga_ratio,,pct,0.1,SINGLE_SOURCE,irbank_q,36.4,36.4%-2.63%,,,,irbank_q=36.4,https://irbank.net/E36666/quarter,,2026-08-13T11:40:46.611262+09:00
Q2024-04_2024-06,4073,cost_ratio,,pct,0.01,SINGLE_SOURCE,irbank_q,68.79,68.79%+22.54%,,,,irbank_q=68.79,https://irbank.net/E36666/quarter,,2026-08-13T11:40:46.611262+09:00
Q2024-04_2024-06,4073,eps,,JPY,0.1,SINGLE_SOURCE,kabutan_q,-6.9,-6.9,,,,kabutan_q=-6.9,https://kabutan.jp/stock/finance?code=4073,,2026-08-13T11:40:46.611262+09:00
Q2024-04_2024-06,4073,net_income,-17,JPY_million,1,OK|ROUNDING,kabutan_q,-17,-17,irbank_q,-16,-16百万,kabutan_q=-17|irbank_q=-16,https://kabutan.jp/stock/finance?code=4073,https://irbank.net/E36666/quarter,2026-08-13T11:40:46.611262+09:00
Q2024-04_2024-06,4073,operating_income,-33,JPY_million,1,OK,kabutan_q,-33,-33,irbank_q,-33,-33百万,kabutan_q=-33|irbank_q=-33,https://kabutan.jp/stock/finance?code=4073,https://irbank.net/E36666/quarter,2026-08-13T11:40:46.611262+09:00
Q2024-04_2024-06,4073,operating_margin,-8.4,pct,0.1,OK,kabutan_q,-8.4,-8.4,irbank_q,-8.4,-8.4%,kabutan_q=-8.4|irbank_q=-8.4,https://kabutan.jp/stock/finance?code=4073,https://irbank.net/E36666/quarter,2026-08-13T11:40:46.611262+09:00
Q2024-04_2024-06,4073,ordinary_income,-45,JPY_million,1,OK|ROUNDING,kabutan_q,-45,-45,irbank_q,-44,-44百万,kabutan_q=-45|irbank_q=-44,https://kabutan.jp/stock/finance?code=4073,https://irbank.net/E36666/quarter,2026-08-13T11:40:46.611262+09:00
Q2024-04_2024-06,4073,revenue,395,JPY_million,1,OK,kabutan_q,395,395,kabutan_q10,395,395,kabutan_q=395|kabutan_q10=395|irbank_q=395,https://kabutan.jp/stock/finance?code=4073,https://kabutan.jp/stock/finance?code=4073,2026-08-13T11:40:46.611262+09:00
Q2024-04_2024-06,4073,sga_ratio,,pct,0.01,SINGLE_SOURCE,irbank_q,39.61,39.61%-28.84%,,,,irbank_q=39.61,https://irbank.net/E36666/quarter,,2026-08-13T11:40:46.611262+09:00
Q2024-07_2024-09,4073,cost_ratio,,pct,0.01,SINGLE_SOURCE,irbank_q,70.93,70.93%+8.81%,,,,irbank_q=70.93,https://irbank.net/E36666/quarter,,2026-08-13T11:40:46.611262+09:00
Q2024-07_2024-09,4073,eps,,JPY,0.1,SINGLE_SOURCE,kabutan_q,-3.7,-3.7,,,,kabutan_q=-3.7,https://kabutan.jp/stock/finance?code=4073,,2026-08-13T11:40:46.611262+09:00
Q2024-07_2024-09,4073,net_income,-9,JPY_million,1,OK,kabutan_q,-9,-9,irbank_q,-9,-9百万,kabutan_q=-9|irbank_q=-9,https://kabutan.jp/stock/finance?code=4073,https://irbank.net/E36666/quarter,2026-08-13T11:40:46.611262+09:00
Q2024-07_2024-09,4073,operating_income,-5.4,JPY_million,1,OK|ROUNDING,kabutan_q,-5,-5,irbank_q,-5.4,-5.4百万,kabutan_q=-5|irbank_q=-5.4,https://kabutan.jp/stock/finance?code=4073,https://irbank.net/E36666/quarter,2026-08-13T11:40:46.611262+09:00
Q2024-07_2024-09,4073,operating_margin,,pct,0.1,MISMATCH,kabutan_q,-0.9,-0.9,irbank_q,-1.01,-1.01%,kabutan_q=-0.9|irbank_q=-1.01,https://kabutan.jp/stock/finance?code=4073,https://irbank.net/E36666/quarter,2026-08-13T11:40:46.611262+09:00
Q2024-07_2024-09,4073,ordinary_income,-13,JPY_million,1,OK,kabutan_q,-13,-13,irbank_q,-13,-13百万,kabutan_q=-13|irbank_q=-13,https://kabutan.jp/stock/finance?code=4073,https://irbank.net/E36666/quarter,2026-08-13T11:40:46.611262+09:00
Q2024-07_2024-09,4073,revenue,536,JPY_million,1,OK,kabutan_q,536,536,kabutan_q10,536,536,kabutan_q=536|kabutan_q10=536|irbank_q=536,https://kabutan.jp/stock/finance?code=4073,https://kabutan.jp/stock/finance?code=4073,2026-08-13T11:40:46.611262+09:00
Q2024-07_2024-09,4073,sga_ratio,,pct,0.01,SINGLE_SOURCE,irbank_q,30.08,30.08%+1.72%,,,,irbank_q=30.08,https://irbank.net/E36666/quarter,,2026-08-13T11:40:46.611262+09:00
Q2024-10_2024-12,4073,cost_ratio,,pct,0.01,SINGLE_SOURCE,irbank_q,72.98,72.98%+14.86%,,,,irbank_q=72.98,https://irbank.net/E36666/quarter,,2026-08-13T11:40:46.611262+09:00
Q2024-10_2024-12,4073,eps,,JPY,0.1,SINGLE_SOURCE,kabutan_q,-33.4,-33.4,,,,kabutan_q=-33.4,https://kabutan.jp/stock/finance?code=4073,,2026-08-13T11:40:46.611262+09:00
Q2024-10_2024-12,4073,net_income,-83,JPY_million,1,OK|ROUNDING,kabutan_q,-83,-83,irbank_q,-84,-84百万,kabutan_q=-83|irbank_q=-84,https://kabutan.jp/stock/finance?code=4073,https://irbank.net/E36666/quarter,2026-08-13T11:40:46.611262+09:00
Q2024-10_2024-12,4073,operating_income,-67,JPY_million,1,OK,kabutan_q,-67,-67,irbank_q,-67,-67百万,kabutan_q=-67|irbank_q=-67,https://kabutan.jp/stock/finance?code=4073,https://irbank.net/E36666/quarter,2026-08-13T11:40:46.611262+09:00
Q2024-10_2024-12,4073,operating_margin,-18.5,pct,0.1,OK|ROUNDING,kabutan_q,-18.5,-18.5,irbank_q,-18.4,-18.4%,kabutan_q=-18.5|irbank_q=-18.4,https://kabutan.jp/stock/finance?code=4073,https://irbank.net/E36666/quarter,2026-08-13T11:40:46.611262+09:00
Q2024-10_2024-12,4073,ordinary_income,-74,JPY_million,1,OK,kabutan_q,-74,-74,irbank_q,-74,-74百万,kabutan_q=-74|irbank_q=-74,https://kabutan.jp/stock/finance?code=4073,https://irbank.net/E36666/quarter,2026-08-13T11:40:46.611262+09:00
Q2024-10_2024-12,4073,revenue,363,JPY_million,1,OK|ROUNDING,kabutan_q,363,363,kabutan_q10,363,363,kabutan_q=363|kabutan_q10=363|irbank_q=364,https://kabutan.jp/stock/finance?code=4073,https://kabutan.jp/stock/finance?code=4073,2026-08-13T11:40:46.611262+09:00
Q2024-10_2024-12,4073,sga_ratio,,pct,0.01,SINGLE_SOURCE,irbank_q,45.42,45.42%+10.95%,,,,irbank_q=45.42,https://irbank.net/E36666/quarter,,2026-08-13T11:40:46.611262+09:00
Q2025-01_2025-03,4073,cost_ratio,,pct,0.01,SINGLE_SOURCE,irbank_q,73.77,73.77%+12.68%,,,,irbank_q=73.77,https://irbank.net/E36666/quarter,,2026-08-13T11:40:46.611262+09:00
Q2025-01_2025-03,4073,eps,,JPY,0.1,SINGLE_SOURCE,kabutan_q,-30,-30.0,,,,kabutan_q=-30,https://kabutan.jp/stock/finance?code=4073,,2026-08-13T11:40:46.611262+09:00
Q2025-01_2025-03,4073,net_income,-75,JPY_million,1,OK|ROUNDING,kabutan_q,-75,-75,irbank_q,-74,-74百万,kabutan_q=-75|irbank_q=-74,https://kabutan.jp/stock/finance?code=4073,https://irbank.net/E36666/quarter,2026-08-13T11:40:46.611262+09:00
Q2025-01_2025-03,4073,operating_income,-69,JPY_million,1,OK,kabutan_q,-69,-69,irbank_q,-69,-69百万,kabutan_q=-69|irbank_q=-69,https://kabutan.jp/stock/finance?code=4073,https://irbank.net/E36666/quarter,2026-08-13T11:40:46.611262+09:00
Q2025-01_2025-03,4073,operating_margin,-18.2,pct,0.1,OK|ROUNDING,kabutan_q,-18.2,-18.2,irbank_q,-18.1,-18.1%,kabutan_q=-18.2|irbank_q=-18.1,https://kabutan.jp/stock/finance?code=4073,https://irbank.net/E36666/quarter,2026-08-13T11:40:46.611262+09:00
Q2025-01_2025-03,4073,ordinary_income,-74,JPY_million,1,OK,kabutan_q,-74,-74,irbank_q,-74,-74百万,kabutan_q=-74|irbank_q=-74,https://kabutan.jp/stock/finance?code=4073,https://irbank.net/E36666/quarter,2026-08-13T11:40:46.611262+09:00
Q2025-01_2025-03,4073,revenue,380,JPY_million,1,OK,kabutan_q,380,380,kabutan_q10,380,380,kabutan_q=380|kabutan_q10=380|irbank_q=380,https://kabutan.jp/stock/finance?code=4073,https://kabutan.jp/stock/finance?code=4073,2026-08-13T11:40:46.611262+09:00
Q2025-01_2025-03,4073,sga_ratio,,pct,0.01,SINGLE_SOURCE,irbank_q,44.33,44.33%+7.93%,,,,irbank_q=44.33,https://irbank.net/E36666/quarter,,2026-08-13T11:40:46.611262+09:00
Q2025-04_2025-06,4073,cost_ratio,,pct,0.01,SINGLE_SOURCE,irbank_q,59.44,59.44%-9.35%,,,,irbank_q=59.44,https://irbank.net/E36666/quarter,,2026-08-13T11:40:46.611262+09:00
Q2025-04_2025-06,4073,eps,,JPY,0.1,SINGLE_SOURCE,kabutan_q,8.4,8.4,,,,kabutan_q=8.4,https://kabutan.jp/stock/finance?code=4073,,2026-08-13T11:40:46.611262+09:00
Q2025-04_2025-06,4073,net_income,21,JPY_million,1,OK,kabutan_q,21,21,irbank_q,21,21百万,kabutan_q=21|irbank_q=21,https://kabutan.jp/stock/finance?code=4073,https://irbank.net/E36666/quarter,2026-08-13T11:40:46.611262+09:00
Q2025-04_2025-06,4073,operating_income,61,JPY_million,1,OK,kabutan_q,61,61,irbank_q,61,61百万,kabutan_q=61|irbank_q=61,https://kabutan.jp/stock/finance?code=4073,https://irbank.net/E36666/quarter,2026-08-13T11:40:46.611262+09:00
Q2025-04_2025-06,4073,operating_margin,10.8,pct,0.1,OK,kabutan_q,10.8,10.8,irbank_q,10.8,10.8%,kabutan_q=10.8|irbank_q=10.8,https://kabutan.jp/stock/finance?code=4073,https://irbank.net/E36666/quarter,2026-08-13T11:40:46.611262+09:00
Q2025-04_2025-06,4073,ordinary_income,46,JPY_million,1,OK,kabutan_q,46,46,irbank_q,46,46百万,kabutan_q=46|irbank_q=46,https://kabutan.jp/stock/finance?code=4073,https://irbank.net/E36666/quarter,2026-08-13T11:40:46.611262+09:00
Q2025-04_2025-06,4073,revenue,565,JPY_million,1,OK,kabutan_q,565,565,kabutan_q10,565,565,kabutan_q=565|kabutan_q10=565|irbank_q=565,https://kabutan.jp/stock/finance?code=4073,https://kabutan.jp/stock/finance?code=4073,2026-08-13T11:40:46.611262+09:00
Q2025-04_2025-06,4073,sga_ratio,,pct,0.01,SINGLE_SOURCE,irbank_q,29.76,29.76%-9.85%,,,,irbank_q=29.76,https://irbank.net/E36666/quarter,,2026-08-13T11:40:46.611262+09:00
Q2025-07_2025-09,4073,cost_ratio,,pct,0.01,SINGLE_SOURCE,irbank_q,74.43,74.43%+3.5%,,,,irbank_q=74.43,https://irbank.net/E36666/quarter,,2026-08-13T11:40:46.611262+09:00
Q2025-07_2025-09,4073,eps,,JPY,0.1,SINGLE_SOURCE,kabutan_q,-28.4,-28.4,,,,kabutan_q=-28.4,https://kabutan.jp/stock/finance?code=4073,,2026-08-13T11:40:46.611262+09:00
Q2025-07_2025-09,4073,net_income,-71,JPY_million,1,OK,kabutan_q,-71,-71,irbank_q,-71,-71百万,kabutan_q=-71|irbank_q=-71,https://kabutan.jp/stock/finance?code=4073,https://irbank.net/E36666/quarter,2026-08-13T11:40:46.611262+09:00
Q2025-07_2025-09,4073,operating_income,-65,JPY_million,1,OK,kabutan_q,-65,-65,irbank_q,-65,-65百万,kabutan_q=-65|irbank_q=-65,https://kabutan.jp/stock/finance?code=4073,https://irbank.net/E36666/quarter,2026-08-13T11:40:46.611262+09:00
Q2025-07_2025-09,4073,operating_margin,-16.71,pct,0.1,OK|ROUNDING,kabutan_q,-16.7,-16.7,irbank_q,-16.71,-16.71%,kabutan_q=-16.7|irbank_q=-16.71,https://kabutan.jp/stock/finance?code=4073,https://irbank.net/E36666/quarter,2026-08-13T11:40:46.611262+09:00
Q2025-07_2025-09,4073,ordinary_income,-71,JPY_million,1,OK,kabutan_q,-71,-71,irbank_q,-71,-71百万,kabutan_q=-71|irbank_q=-71,https://kabutan.jp/stock/finance?code=4073,https://irbank.net/E36666/quarter,2026-08-13T11:40:46.611262+09:00
Q2025-07_2025-09,4073,revenue,389,JPY_million,1,OK,kabutan_q,389,389,kabutan_q10,389,389,kabutan_q=389|kabutan_q10=389|irbank_q=389,https://kabutan.jp/stock/finance?code=4073,https://kabutan.jp/stock/finance?code=4073,2026-08-13T11:40:46.611262+09:00
Q2025-07_2025-09,4073,sga_ratio,,pct,0.01,SINGLE_SOURCE,irbank_q,42.54,42.54%+12.46%,,,,irbank_q=42.54,https://irbank.net/E36666/quarter,,2026-08-13T11:40:46.611262+09:00
Q2025-10_2025-12,4073,cost_ratio,,pct,0.01,SINGLE_SOURCE,irbank_q,78.51,78.51%+5.53%,,,,irbank_q=78.51,https://irbank.net/E36666/quarter,,2026-08-13T11:40:46.611262+09:00
Q2025-10_2025-12,4073,eps,,JPY,0.1,SINGLE_SOURCE,kabutan_q,-35.7,-35.7,,,,kabutan_q=-35.7,https://kabutan.jp/stock/finance?code=4073,,2026-08-13T11:40:46.611262+09:00
Q2025-10_2025-12,4073,net_income,-90,JPY_million,1,OK,kabutan_q,-90,-90,irbank_q,-90,-90百万,kabutan_q=-90|irbank_q=-90,https://kabutan.jp/stock/finance?code=4073,https://irbank.net/E36666/quarter,2026-08-13T11:40:46.611262+09:00
Q2025-10_2025-12,4073,operating_income,-81,JPY_million,1,OK,kabutan_q,-81,-81,irbank_q,-81,-81百万,kabutan_q=-81|irbank_q=-81,https://kabutan.jp/stock/finance?code=4073,https://irbank.net/E36666/quarter,2026-08-13T11:40:46.611262+09:00
Q2025-10_2025-12,4073,operating_margin,-21.26,pct,0.1,OK|ROUNDING,kabutan_q,-21.3,-21.3,irbank_q,-21.26,-21.26%,kabutan_q=-21.3|irbank_q=-21.26,https://kabutan.jp/stock/finance?code=4073,https://irbank.net/E36666/quarter,2026-08-13T11:40:46.611262+09:00
Q2025-10_2025-12,4073,ordinary_income,-90,JPY_million,1,OK,kabutan_q,-90,-90,irbank_q,-90,-90百万,kabutan_q=-90|irbank_q=-90,https://kabutan.jp/stock/finance?code=4073,https://irbank.net/E36666/quarter,2026-08-13T11:40:46.611262+09:00
Q2025-10_2025-12,4073,revenue,381,JPY_million,1,OK|ROUNDING,kabutan_q,381,381,kabutan_q10,381,381,kabutan_q=381|kabutan_q10=381|irbank_q=382,https://kabutan.jp/stock/finance?code=4073,https://kabutan.jp/stock/finance?code=4073,2026-08-13T11:40:46.611262+09:00
Q2025-10_2025-12,4073,sga_ratio,,pct,0.01,SINGLE_SOURCE,irbank_q,42.49,42.49%-2.93%,,,,irbank_q=42.49,https://irbank.net/E36666/quarter,,2026-08-13T11:40:46.611262+09:00
Q2026-01_2026-03,4073,cost_ratio,,pct,0.01,SINGLE_SOURCE,irbank_q,68.06,68.06%-5.71%,,,,irbank_q=68.06,https://irbank.net/E36666/quarter,,2026-08-13T11:40:46.611262+09:00
Q2026-01_2026-03,4073,eps,,JPY,0.1,SINGLE_SOURCE,kabutan_q,25.1,25.1,kabutan_q10,25.1,25.1,kabutan_q=25.1|kabutan_q10=25.1,https://kabutan.jp/stock/finance?code=4073,https://kabutan.jp/stock/finance?code=4073,2026-08-13T11:40:46.611262+09:00
Q2026-01_2026-03,4073,net_income,63,JPY_million,1,OK,kabutan_q,63,63,irbank_q,63,63百万,kabutan_q=63|irbank_q=63,https://kabutan.jp/stock/finance?code=4073,https://irbank.net/E36666/quarter,2026-08-13T11:40:46.611262+09:00
Q2026-01_2026-03,4073,operating_income,68,JPY_million,1,OK,kabutan_q,68,68,kabutan_q10,68,68,kabutan_q=68|kabutan_q10=68|irbank_q=68,https://kabutan.jp/stock/finance?code=4073,https://kabutan.jp/stock/finance?code=4073,2026-08-13T11:40:46.611262+09:00
Q2026-01_2026-03,4073,operating_margin,9.44,pct,0.1,OK|ROUNDING,kabutan_q,9.4,9.4,irbank_q,9.44,9.44%,kabutan_q=9.4|irbank_q=9.44,https://kabutan.jp/stock/finance?code=4073,https://irbank.net/E36666/quarter,2026-08-13T11:40:46.611262+09:00
Q2026-01_2026-03,4073,ordinary_income,63,JPY_million,1,OK,kabutan_q,63,63,kabutan_q10,63,63,kabutan_q=63|kabutan_q10=63|irbank_q=63,https://kabutan.jp/stock/finance?code=4073,https://kabutan.jp/stock/finance?code=4073,2026-08-13T11:40:46.611262+09:00
Q2026-01_2026-03,4073,revenue,723,JPY_million,1,OK|ROUNDING,kabutan_q,723,723,kabutan_q10,723,723,kabutan_q=723|kabutan_q10=723|kabutan_record_q=723|irbank_q=722,https://kabutan.jp/stock/finance?code=4073,https://kabutan.jp/stock/finance?code=4073,2026-08-13T11:40:46.611262+09:00
Q2026-01_2026-03,4073,sga_ratio,,pct,0.01,SINGLE_SOURCE,irbank_q,22.66,22.66%-21.67%,,,,irbank_q=22.66,https://irbank.net/E36666/quarter,,2026-08-13T11:40:46.611262+09:00
FY2019-06,4073,shareholders_equity,,JPY_million,1,SINGLE_SOURCE,irbank_bs,434,4.34億,,,,irbank_bs=434,https://irbank.net/E36666/results,,2026-08-13T16:55:01.835153+09:00
FY2020-06,4073,shareholders_equity,,JPY_million,1,SINGLE_SOURCE,irbank_bs,681,6.81億,,,,irbank_bs=681,https://irbank.net/E36666/results,,2026-08-13T16:55:01.835153+09:00
FY2021-06,4073,shareholders_equity,,JPY_million,1,SINGLE_SOURCE,irbank_bs,782,7.82億,,,,irbank_bs=782,https://irbank.net/E36666/results,,2026-08-13T16:55:01.835153+09:00
FY2022-06,4073,shareholders_equity,,JPY_million,10,SINGLE_SOURCE,irbank_bs,1140,11.4億,,,,irbank_bs=1140,https://irbank.net/E36666/results,,2026-08-13T16:55:01.835153+09:00
FY2023-06,4073,shareholders_equity,,JPY_million,10,SINGLE_SOURCE,irbank_bs,340,3.4億,,,,irbank_bs=340,https://irbank.net/E36666/results,,2026-08-13T16:55:01.835153+09:00
FY2024-06,4073,shareholders_equity,,JPY_million,1,SINGLE_SOURCE,irbank_bs,415,4.15億,,,,irbank_bs=415,https://irbank.net/E36666/results,,2026-08-13T16:55:01.835153+09:00
FY2025-06,4073,shareholders_equity,,JPY_million,10,SINGLE_SOURCE,irbank_bs,270,2.7億,,,,irbank_bs=270,https://irbank.net/E36666/results,,2026-08-13T16:55:01.835153+09:00
FY2026-06,4073,bps,139.84,JPY,0.01,OK,kabutan_bs,139.84,139.84,irbank_bs,139.84,139.84,kabutan_bs=139.84|irbank_bs=139.84,https://kabutan.jp/stock/finance?code=4073,https://irbank.net/E36666/results,2026-08-16T11:14:31.155445+09:00
FY2026-06,4073,capex,,JPY_million,1,SINGLE_SOURCE,irbank_cf,-127,-127百万,,,,irbank_cf=-127,https://irbank.net/E36666/results,,2026-08-16T11:14:31.155445+09:00
FY2026-06,4073,cash_equivalents,616,JPY_million,1,OK,kabutan_cf,616,616,irbank_cf,616,6.16億,kabutan_cf=616|irbank_cf=616,https://kabutan.jp/stock/finance?code=4073,https://irbank.net/E36666/results,2026-08-16T11:14:31.155445+09:00
FY2026-06,4073,cost_ratio,,pct,0.01,SINGLE_SOURCE,irbank_pl,67.49,67.49,irbank_q,67.49,67.49%-0.91%,irbank_pl=67.49|irbank_q=67.49,https://irbank.net/E36666/results,https://irbank.net/E36666/quarter,2026-08-16T11:14:31.155445+09:00
FY2026-06,4073,eps,,JPY,0.1,MISMATCH,kabutan_fy,27.8,27.8,irbank_pl,27.69,27.69,kabutan_fy=27.8|kabutan_fy_profit=27.8|irbank_pl=27.69,https://kabutan.jp/stock/finance?code=4073,https://irbank.net/E36666/results,2026-08-16T11:14:31.155445+09:00
FY2026-06,4073,equity,,JPY_million,1,SINGLE_SOURCE,kabutan_bs,354,354,,,,kabutan_bs=354,https://kabutan.jp/stock/finance?code=4073,,2026-08-16T11:14:31.155445+09:00
FY2026-06,4073,equity_ratio,17.8,pct,0.1,OK,kabutan_bs,17.8,17.8,irbank_bs,17.8,17.8,kabutan_bs=17.8|irbank_bs=17.8,https://kabutan.jp/stock/finance?code=4073,https://irbank.net/E36666/results,2026-08-16T11:14:31.155445+09:00
FY2026-06,4073,financing_cf,-158,JPY_million,1,OK,kabutan_cf,-158,-158,irbank_cf,-158,-158百万,kabutan_cf=-158|irbank_cf=-158,https://kabutan.jp/stock/finance?code=4073,https://irbank.net/E36666/results,2026-08-16T11:14:31.155445+09:00
FY2026-06,4073,free_cf,32,JPY_million,1,OK,kabutan_cf,32,32,irbank_cf,32,32百万,kabutan_cf=32|irbank_cf=32,https://kabutan.jp/stock/finance?code=4073,https://irbank.net/E36666/results,2026-08-16T11:14:31.155445+09:00
FY2026-06,4073,interest_bearing_debt,,JPY_million,10,SINGLE_SOURCE,irbank_bs,1330,13.3億,,,,irbank_bs=1330,https://irbank.net/E36666/results,,2026-08-16T11:14:31.155445+09:00
FY2026-06,4073,interest_bearing_debt_ratio,3.7508,x,0.01,OK|ROUNDING|UNIT_CONVERTED,kabutan_bs,3.75,3.75,irbank_bs,3.7508,375.08,kabutan_bs=3.75|irbank_bs=3.7508,https://kabutan.jp/stock/finance?code=4073,https://irbank.net/E36666/results,2026-08-16T11:14:31.155445+09:00
FY2026-06,4073,investing_cf,-130,JPY_million,1,OK|ROUNDING,kabutan_cf,-130,-130,irbank_cf,-131,-131百万,kabutan_cf=-130|irbank_cf=-131,https://kabutan.jp/stock/finance?code=4073,https://irbank.net/E36666/results,2026-08-16T11:14:31.155445+09:00
FY2026-06,4073,net_assets,,JPY_million,1,SINGLE_SOURCE,irbank_bs,354,3.54億,,,,irbank_bs=354,https://irbank.net/E36666/results,,2026-08-16T11:14:31.155445+09:00
FY2026-06,4073,net_income,70,JPY_million,1,OK,kabutan_fy,70,70,irbank_pl,70,70百万,kabutan_fy=70|irbank_pl=70|irbank_q=70,https://kabutan.jp/stock/finance?code=4073,https://irbank.net/E36666/results,2026-08-16T11:14:31.155445+09:00
FY2026-06,4073,operating_cf,162,JPY_million,1,OK|ROUNDING,kabutan_cf,162,162,irbank_cf,163,163百万,kabutan_cf=162|irbank_cf=163,https://kabutan.jp/stock/finance?code=4073,https://irbank.net/E36666/results,2026-08-16T11:14:31.155445+09:00
FY2026-06,4073,operating_income,69,JPY_million,1,OK,kabutan_fy,69,69,kabutan_fy_profit,69,69,kabutan_fy=69|kabutan_fy_profit=69|kabutan_cf=69|irbank_pl=69|irbank_q=69,https://kabutan.jp/stock/finance?code=4073,https://kabutan.jp/stock/finance?code=4073,2026-08-16T11:14:31.155445+09:00
FY2026-06,4073,operating_margin,3.06,pct,0.01,OK,kabutan_fy_profit,3.06,3.06,irbank_pl,3.06,3.06,kabutan_fy_profit=3.06|irbank_pl=3.06|irbank_q=3.06,https://kabutan.jp/stock/finance?code=4073,https://irbank.net/E36666/results,2026-08-16T11:14:31.155445+09:00
FY2026-06,4073,ordinary_income,33,JPY_million,1,OK,kabutan_fy,33,33,irbank_pl,33,33百万,kabutan_fy=33|irbank_pl=33|irbank_q=33,https://kabutan.jp/stock/finance?code=4073,https://irbank.net/E36666/results,2026-08-16T11:14:31.155445+09:00
FY2026-06,4073,retained_earnings,-410,JPY_million,1,OK,kabutan_bs,-410,-410,irbank_bs,-410,-410百万,kabutan_bs=-410|irbank_bs=-410,https://kabutan.jp/stock/finance?code=4073,https://irbank.net/E36666/results,2026-08-16T11:14:31.155445+09:00
FY2026-06,4073,revenue,2252,JPY_million,10,OK|ROUNDING,kabutan_fy,2252,"2,252",kabutan_fy10,2252,"2,252",kabutan_fy=2252|kabutan_fy10=2252|kabutan_fy_profit=2252|irbank_pl=2250|irbank_q=2252,https://kabutan.jp/stock/finance?code=4073,https://kabutan.jp/stock/finance?code=4073,2026-08-16T11:14:31.155445+09:00
FY2026-06,4073,roa,3.5,pct,0.1,OK,kabutan_fy_profit,3.5,3.50,irbank_pl,3.5,3.5,kabutan_fy_profit=3.5|irbank_pl=3.5,https://kabutan.jp/stock/finance?code=4073,https://irbank.net/E36666/results,2026-08-16T11:14:31.155445+09:00
FY2026-06,4073,roe,,pct,0.01,MISMATCH,kabutan_fy_profit,22.44,22.44,irbank_pl,19.73,19.73,kabutan_fy_profit=22.44|irbank_pl=19.73,https://kabutan.jp/stock/finance?code=4073,https://irbank.net/E36666/results,2026-08-16T11:14:31.155445+09:00
FY2026-06,4073,sga_ratio,,pct,0.01,SINGLE_SOURCE,irbank_pl,29.44,29.44,irbank_q,29.44,29.44%-6.5%,irbank_pl=29.44|irbank_q=29.44,https://irbank.net/E36666/results,https://irbank.net/E36666/quarter,2026-08-16T11:14:31.155445+09:00
FY2026-06,4073,shareholders_equity,,JPY_million,1,SINGLE_SOURCE,irbank_bs,355,3.55億,,,,irbank_bs=355,https://irbank.net/E36666/results,,2026-08-16T11:14:31.155445+09:00
FY2026-06,4073,total_assets,1998,JPY_million,100,OK|ROUNDING,kabutan_bs,1998,"1,998",irbank_bs,2000,20億,kabutan_bs=1998|irbank_bs=2000,https://kabutan.jp/stock/finance?code=4073,https://irbank.net/E36666/results,2026-08-16T11:14:31.155445+09:00
FY2027-06,4073,eps_plan,,JPY,0.1,SINGLE_SOURCE,kabutan_fy,26.4,26.4,kabutan_fy10,26.4,26.4,kabutan_fy=26.4|kabutan_fy10=26.4|kabutan_fy_profit=26.4,https://kabutan.jp/stock/finance?code=4073,https://kabutan.jp/stock/finance?code=4073,2026-08-16T11:14:31.155445+09:00
FY2027-06,4073,net_income_plan,67,JPY_million,1,OK,kabutan_fy,67,67,irbank_pl,67,67百万,kabutan_fy=67|irbank_pl=67,https://kabutan.jp/stock/finance?code=4073,https://irbank.net/E36666/results,2026-08-16T11:14:31.155445+09:00
FY2027-06,4073,operating_income_plan,109,JPY_million,1,OK,kabutan_fy,109,109,kabutan_fy10,109,109,kabutan_fy=109|kabutan_fy10=109|kabutan_fy_profit=109|irbank_pl=109,https://kabutan.jp/stock/finance?code=4073,https://kabutan.jp/stock/finance?code=4073,2026-08-16T11:14:31.155445+09:00
FY2027-06,4073,operating_margin_plan,3.96,pct,0.01,OK,kabutan_fy_profit,3.96,3.96,irbank_pl,3.96,3.96,kabutan_fy_profit=3.96|irbank_pl=3.96,https://kabutan.jp/stock/finance?code=4073,https://irbank.net/E36666/results,2026-08-16T11:14:31.155445+09:00
FY2027-06,4073,ordinary_income_plan,69,JPY_million,1,OK,kabutan_fy,69,69,kabutan_fy10,69,69,kabutan_fy=69|kabutan_fy10=69|irbank_pl=69,https://kabutan.jp/stock/finance?code=4073,https://kabutan.jp/stock/finance?code=4073,2026-08-16T11:14:31.155445+09:00
FY2027-06,4073,revenue_plan,2751,JPY_million,10,OK|ROUNDING,kabutan_fy,2751,"2,751",kabutan_fy10,2751,"2,751",kabutan_fy=2751|kabutan_fy10=2751|kabutan_fy_profit=2751|irbank_pl=2750,https://kabutan.jp/stock/finance?code=4073,https://kabutan.jp/stock/finance?code=4073,2026-08-16T11:14:31.155445+09:00
FY2027-06,4073,roa_plan,3.35,pct,0.01,OK,kabutan_fy_profit,3.35,3.35,irbank_pl,3.35,3.35,kabutan_fy_profit=3.35|irbank_pl=3.35,https://kabutan.jp/stock/finance?code=4073,https://irbank.net/E36666/results,2026-08-16T11:14:31.155445+09:00
FY2027-06,4073,roe_plan,,pct,0.01,MISMATCH,kabutan_fy_profit,18.93,18.93,irbank_pl,18.88,18.88,kabutan_fy_profit=18.93|irbank_pl=18.88,https://kabutan.jp/stock/finance?code=4073,https://irbank.net/E36666/results,2026-08-16T11:14:31.155445+09:00
H2023-07_2023-12,4073,eps,,JPY,0.1,SINGLE_SOURCE,kabutan_half,32.8,32.8,,,,kabutan_half=32.8,https://kabutan.jp/stock/finance?code=4073,,2026-08-16T11:14:31.155445+09:00
H2023-07_2023-12,4073,net_income,,JPY_million,1,SINGLE_SOURCE,kabutan_half,81,81,,,,kabutan_half=81,https://kabutan.jp/stock/finance?code=4073,,2026-08-16T11:14:31.155445+09:00
H2023-07_2023-12,4073,operating_income,,JPY_million,1,SINGLE_SOURCE,kabutan_half,82,82,,,,kabutan_half=82,https://kabutan.jp/stock/finance?code=4073,,2026-08-16T11:14:31.155445+09:00
H2023-07_2023-12,4073,ordinary_income,,JPY_million,1,SINGLE_SOURCE,kabutan_half,80,80,,,,kabutan_half=80,https://kabutan.jp/stock/finance?code=4073,,2026-08-16T11:14:31.155445+09:00
H2023-07_2023-12,4073,revenue,,JPY_million,1,SINGLE_SOURCE,kabutan_half,959,959,,,,kabutan_half=959,https://kabutan.jp/stock/finance?code=4073,,2026-08-16T11:14:31.155445+09:00
H2024-07_2024-12,4073,eps,,JPY,0.1,SINGLE_SOURCE,kabutan_half,-37,-37.0,,,,kabutan_half=-37,https://kabutan.jp/stock/finance?code=4073,,2026-08-16T11:14:31.155445+09:00
H2024-07_2024-12,4073,net_income,,JPY_million,1,SINGLE_SOURCE,kabutan_half,-92,-92,,,,kabutan_half=-92,https://kabutan.jp/stock/finance?code=4073,,2026-08-16T11:14:31.155445+09:00
H2024-07_2024-12,4073,operating_income,,JPY_million,1,SINGLE_SOURCE,kabutan_half,-72,-72,,,,kabutan_half=-72,https://kabutan.jp/stock/finance?code=4073,,2026-08-16T11:14:31.155445+09:00
H2024-07_2024-12,4073,ordinary_income,,JPY_million,1,SINGLE_SOURCE,kabutan_half,-87,-87,,,,kabutan_half=-87,https://kabutan.jp/stock/finance?code=4073,,2026-08-16T11:14:31.155445+09:00
H2024-07_2024-12,4073,revenue,,JPY_million,1,SINGLE_SOURCE,kabutan_half,899,899,,,,kabutan_half=899,https://kabutan.jp/stock/finance?code=4073,,2026-08-16T11:14:31.155445+09:00
H2025-07_2025-12,4073,eps,,JPY,0.1,SINGLE_SOURCE,kabutan_half,-63.9,-63.9,,,,kabutan_half=-63.9,https://kabutan.jp/stock/finance?code=4073,,2026-08-16T11:14:31.155445+09:00
H2025-07_2025-12,4073,net_income,,JPY_million,1,SINGLE_SOURCE,kabutan_half,-161,-161,,,,kabutan_half=-161,https://kabutan.jp/stock/finance?code=4073,,2026-08-16T11:14:31.155445+09:00
H2025-07_2025-12,4073,operating_income,,JPY_million,1,SINGLE_SOURCE,kabutan_half,-146,-146,,,,kabutan_half=-146,https://kabutan.jp/stock/finance?code=4073,,2026-08-16T11:14:31.155445+09:00
H2025-07_2025-12,4073,ordinary_income,,JPY_million,1,SINGLE_SOURCE,kabutan_half,-161,-161,,,,kabutan_half=-161,https://kabutan.jp/stock/finance?code=4073,,2026-08-16T11:14:31.155445+09:00
H2025-07_2025-12,4073,revenue,,JPY_million,1,SINGLE_SOURCE,kabutan_half,770,770,,,,kabutan_half=770,https://kabutan.jp/stock/finance?code=4073,,2026-08-16T11:14:31.155445+09:00
Q2026-04_2026-06,4073,cost_ratio,,pct,0.01,SINGLE_SOURCE,irbank_q,57.83,57.83%-1.61%,,,,irbank_q=57.83,https://irbank.net/E36666/quarter,,2026-08-16T11:14:31.155445+09:00
Q2026-04_2026-06,4073,eps,,JPY,0.1,SINGLE_SOURCE,kabutan_q,66.8,66.8,kabutan_q10,66.8,66.8,kabutan_q=66.8|kabutan_q10=66.8|kabutan_record_q=66.8,https://kabutan.jp/stock/finance?code=4073,https://kabutan.jp/stock/finance?code=4073,2026-08-16T11:14:31.155445+09:00
Q2026-04_2026-06,4073,net_income,168,JPY_million,1,OK,kabutan_q,168,168,kabutan_record_q,168,168,kabutan_q=168|kabutan_record_q=168|irbank_q=168,https://kabutan.jp/stock/finance?code=4073,https://kabutan.jp/stock/finance?code=4073,2026-08-16T11:14:31.155445+09:00
Q2026-04_2026-06,4073,operating_income,147,JPY_million,1,OK,kabutan_q,147,147,kabutan_q10,147,147,kabutan_q=147|kabutan_q10=147|irbank_q=147,https://kabutan.jp/stock/finance?code=4073,https://kabutan.jp/stock/finance?code=4073,2026-08-16T11:14:31.155445+09:00
Q2026-04_2026-06,4073,operating_margin,19.37,pct,0.1,OK|ROUNDING,kabutan_q,19.4,19.4,irbank_q,19.37,19.37%+8.57%,kabutan_q=19.4|irbank_q=19.37,https://kabutan.jp/stock/finance?code=4073,https://irbank.net/E36666/quarter,2026-08-16T11:14:31.155445+09:00
Q2026-04_2026-06,4073,ordinary_income,131,JPY_million,1,OK,kabutan_q,131,131,kabutan_q10,131,131,kabutan_q=131|kabutan_q10=131|irbank_q=131,https://kabutan.jp/stock/finance?code=4073,https://kabutan.jp/stock/finance?code=4073,2026-08-16T11:14:31.155445+09:00
Q2026-04_2026-06,4073,revenue,759,JPY_million,1,OK,kabutan_q,759,759,kabutan_q10,759,759,kabutan_q=759|kabutan_q10=759|kabutan_record_q=759|irbank_q=759,https://kabutan.jp/stock/finance?code=4073,https://kabutan.jp/stock/finance?code=4073,2026-08-16T11:14:31.155445+09:00
Q2026-04_2026-06,4073,sga_ratio,,pct,0.1,SINGLE_SOURCE,irbank_q,22.6,22.6%-7.16%,,,,irbank_q=22.6,https://irbank.net/E36666/quarter,,2026-08-16T11:14:31.155445+09:00
