date,code,open,high,low,close,volume,status,source_primary,value_primary,source_secondary,value_secondary,fetched_at
2025-07-03,growth250,717.1,718.45,709.33,,286026500,SINGLE_SOURCE,kabutan,709.71,,,2026-08-12T14:26:15.916612+09:00
2025-07-04,growth250,714.05,717.22,710.59,,394644200,SINGLE_SOURCE,kabutan,710.59,,,2026-08-12T14:26:15.916612+09:00
2025-07-07,growth250,711.99,721.02,711.77,,530320100,SINGLE_SOURCE,kabutan,718.07,,,2026-08-12T14:26:15.916612+09:00
2025-07-08,growth250,719.08,732.31,719.08,,331347400,SINGLE_SOURCE,kabutan,732.29,,,2026-08-12T14:26:15.916612+09:00
2025-07-09,growth250,736.87,740.75,733.03,,370129800,SINGLE_SOURCE,kabutan,740.75,,,2026-08-12T14:26:15.916612+09:00
2025-07-10,growth250,744.65,751.35,742.12,,358914200,SINGLE_SOURCE,kabutan,751.35,,,2026-08-12T14:26:15.916612+09:00
2025-07-11,growth250,752.84,759.28,746.69,,328252800,SINGLE_SOURCE,kabutan,748.48,,,2026-08-12T14:26:15.916612+09:00
2025-07-14,growth250,748.15,752.06,745.09,,271026500,SINGLE_SOURCE,kabutan,747.5,,,2026-08-12T14:26:15.916612+09:00
2025-07-15,growth250,749.4,750.11,731.38,,395167900,SINGLE_SOURCE,kabutan,731.38,,,2026-08-12T14:26:15.916612+09:00
2025-07-16,growth250,730.43,737.65,726.83,,319682600,SINGLE_SOURCE,kabutan,734.74,,,2026-08-12T14:26:15.916612+09:00
2025-07-17,growth250,737.75,750.79,737.53,,287642300,SINGLE_SOURCE,kabutan,747.74,,,2026-08-12T14:26:15.916612+09:00
2025-07-18,growth250,750.28,751.46,737.52,,230034600,SINGLE_SOURCE,kabutan,738.11,,,2026-08-12T14:26:15.916612+09:00
2025-07-22,growth250,743.75,749.99,740.39,,213200500,SINGLE_SOURCE,kabutan,743.07,,,2026-08-12T14:26:15.916612+09:00
2025-07-23,growth250,748.97,757.82,747.54,,217461700,SINGLE_SOURCE,kabutan,756.9,,,2026-08-12T14:26:15.916612+09:00
2025-07-24,growth250,760.61,764.59,756.45,,297420600,SINGLE_SOURCE,kabutan,759.48,,,2026-08-12T14:26:15.916612+09:00
2025-07-25,growth250,759.72,762.53,757.68,,268800100,SINGLE_SOURCE,kabutan,762.29,,,2026-08-12T14:26:15.916612+09:00
2025-07-28,growth250,766.21,767.19,760.28,,297271000,SINGLE_SOURCE,kabutan,762.7,,,2026-08-12T14:26:15.916612+09:00
2025-07-29,growth250,760.87,761.81,749.1,,303312200,SINGLE_SOURCE,kabutan,751.02,,,2026-08-12T14:26:15.916612+09:00
2025-07-30,growth250,751.14,753.88,745.0,,342524700,SINGLE_SOURCE,kabutan,753.88,,,2026-08-12T14:26:15.916612+09:00
2025-07-31,growth250,755.7,760.32,753.95,,314362600,SINGLE_SOURCE,kabutan,760.32,,,2026-08-12T14:26:15.916612+09:00
2025-08-01,growth250,759.12,762.27,756.58,,252193400,SINGLE_SOURCE,kabutan,762.27,,,2026-08-12T14:26:15.916612+09:00
2025-08-04,growth250,751.31,764.24,751.31,,211218300,SINGLE_SOURCE,kabutan,762.45,,,2026-08-12T14:26:15.916612+09:00
2025-08-05,growth250,767.91,772.51,767.25,,257805300,SINGLE_SOURCE,kabutan,772.36,,,2026-08-12T14:26:15.916612+09:00
2025-08-06,growth250,773.4,776.44,769.17,,236482000,SINGLE_SOURCE,kabutan,771.88,,,2026-08-12T14:26:15.916612+09:00
2025-08-07,growth250,772.8,781.94,772.33,,283365000,SINGLE_SOURCE,kabutan,781.45,,,2026-08-12T14:26:15.916612+09:00
2025-08-08,growth250,783.03,784.62,779.15,,291349400,SINGLE_SOURCE,kabutan,780.53,,,2026-08-12T14:26:15.916612+09:00
2025-08-12,growth250,784.76,786.05,777.17,,336029800,SINGLE_SOURCE,kabutan,778.02,,,2026-08-12T14:26:15.916612+09:00
2025-08-13,growth250,779.78,781.28,775.25,,368773100,SINGLE_SOURCE,kabutan,777.75,,,2026-08-12T14:26:15.916612+09:00
2025-08-14,growth250,777.06,779.61,772.92,,348357200,SINGLE_SOURCE,kabutan,779.58,,,2026-08-12T14:26:15.916612+09:00
2025-08-15,growth250,783.11,795.79,782.65,,480817600,SINGLE_SOURCE,kabutan,788.24,,,2026-08-12T14:26:15.916612+09:00
2025-08-18,growth250,792.36,802.77,791.72,,348300700,SINGLE_SOURCE,kabutan,800.21,,,2026-08-12T14:26:15.916612+09:00
2025-08-19,growth250,801.24,803.42,794.81,,339986800,SINGLE_SOURCE,kabutan,800.62,,,2026-08-12T14:26:15.916612+09:00
2025-08-20,growth250,799.03,799.03,787.35,,339229100,SINGLE_SOURCE,kabutan,787.35,,,2026-08-12T14:26:15.916612+09:00
2025-08-21,growth250,786.05,789.5,782.33,,336327900,SINGLE_SOURCE,kabutan,784.99,,,2026-08-12T14:26:15.916612+09:00
2025-08-22,growth250,786.88,790.31,781.88,,386517500,SINGLE_SOURCE,kabutan,782.12,,,2026-08-12T14:26:15.916612+09:00
2025-08-25,growth250,790.01,792.7,785.27,,317170700,SINGLE_SOURCE,kabutan,786.98,,,2026-08-12T14:26:15.916612+09:00
2025-08-26,growth250,785.52,787.65,781.21,,315292300,SINGLE_SOURCE,kabutan,785.89,,,2026-08-12T14:26:15.916612+09:00
2025-08-27,growth250,785.94,785.94,777.15,,231234600,SINGLE_SOURCE,kabutan,778.68,,,2026-08-12T14:26:15.916612+09:00
2025-08-28,growth250,776.48,777.08,772.05,,321855000,SINGLE_SOURCE,kabutan,776.06,,,2026-08-12T14:26:15.916612+09:00
2025-08-29,growth250,777.07,782.99,776.96,,277557800,SINGLE_SOURCE,kabutan,780.32,,,2026-08-12T14:26:15.916612+09:00
2025-09-01,growth250,773.98,785.27,773.18,,322707600,SINGLE_SOURCE,kabutan,777.98,,,2026-08-12T14:26:15.916612+09:00
2025-09-02,growth250,779.58,783.5,771.39,,305487700,SINGLE_SOURCE,kabutan,774.48,,,2026-08-12T14:26:15.916612+09:00
2025-09-03,growth250,771.02,771.02,756.45,,411716200,SINGLE_SOURCE,kabutan,757.48,,,2026-08-12T14:26:15.916612+09:00
2025-09-04,growth250,758.12,761.4,754.61,,319708500,SINGLE_SOURCE,kabutan,759.64,,,2026-08-12T14:26:15.916612+09:00
2025-09-05,growth250,761.26,766.63,758.83,,292846200,SINGLE_SOURCE,kabutan,766.63,,,2026-08-12T14:26:15.916612+09:00
2025-09-08,growth250,772.85,780.85,771.56,,244983100,SINGLE_SOURCE,kabutan,774.37,,,2026-08-12T14:26:15.916612+09:00
2025-09-09,growth250,778.54,784.54,766.85,,252915500,SINGLE_SOURCE,kabutan,771.33,,,2026-08-12T14:26:15.916612+09:00
2025-09-10,growth250,772.82,773.17,764.22,,283846300,SINGLE_SOURCE,kabutan,772.16,,,2026-08-12T14:26:15.916612+09:00
2025-09-11,growth250,773.34,774.39,760.79,,229080000,SINGLE_SOURCE,kabutan,763.48,,,2026-08-12T14:26:15.916612+09:00
2025-09-12,growth250,768.87,768.87,758.56,,248372200,SINGLE_SOURCE,kabutan,761.79,,,2026-08-12T14:26:15.916612+09:00
2025-09-16,growth250,763.1,767.74,756.32,,320153400,SINGLE_SOURCE,kabutan,765.74,,,2026-08-12T14:26:15.916612+09:00
2025-09-17,growth250,764.31,768.53,760.03,,252643100,SINGLE_SOURCE,kabutan,763.49,,,2026-08-12T14:26:15.916612+09:00
2025-09-18,growth250,765.55,768.38,759.38,,281725400,SINGLE_SOURCE,kabutan,761.53,,,2026-08-12T14:26:15.916612+09:00
2025-09-19,growth250,765.5,772.99,755.61,,320013900,SINGLE_SOURCE,kabutan,772.99,,,2026-08-12T14:26:15.916612+09:00
2025-09-22,growth250,776.81,780.88,772.43,,343641200,SINGLE_SOURCE,kabutan,774.98,,,2026-08-12T14:26:15.916612+09:00
2025-09-24,growth250,773.63,773.63,765.45,,313884100,SINGLE_SOURCE,kabutan,766.78,,,2026-08-12T14:26:15.916612+09:00
2025-09-25,growth250,765.64,766.12,759.16,,285046500,SINGLE_SOURCE,kabutan,761.77,,,2026-08-12T14:26:15.916612+09:00
2025-09-26,growth250,762.02,768.18,759.74,,342903500,SINGLE_SOURCE,kabutan,763.29,,,2026-08-12T14:26:15.916612+09:00
2025-09-29,growth250,766.74,766.74,755.77,,427736700,SINGLE_SOURCE,kabutan,756.36,,,2026-08-12T14:26:15.916612+09:00
2025-09-30,growth250,754.83,754.85,743.21,,283404300,SINGLE_SOURCE,kabutan,745.4,,,2026-08-12T14:26:15.916612+09:00
2025-10-01,growth250,740.09,740.91,720.06,,448789500,SINGLE_SOURCE,kabutan,720.06,,,2026-08-12T14:26:15.916612+09:00
2025-10-02,growth250,722.84,726.88,710.32,,307843600,SINGLE_SOURCE,kabutan,715.09,,,2026-08-12T14:26:15.916612+09:00
2025-10-03,growth250,715.69,734.53,715.69,,308107200,SINGLE_SOURCE,kabutan,731.14,,,2026-08-12T14:26:15.916612+09:00
2025-10-06,growth250,742.4,752.96,740.76,,330260100,SINGLE_SOURCE,kabutan,751.8,,,2026-08-12T14:26:15.916612+09:00
2025-10-07,growth250,755.52,759.46,745.17,,368271900,SINGLE_SOURCE,kabutan,752.52,,,2026-08-12T14:26:15.916612+09:00
2025-10-08,growth250,749.58,758.22,747.65,,368302200,SINGLE_SOURCE,kabutan,753.58,,,2026-08-12T14:26:15.916612+09:00
2025-10-09,growth250,754.8,760.14,752.96,,340074700,SINGLE_SOURCE,kabutan,759.24,,,2026-08-12T14:26:15.916612+09:00
2025-10-10,growth250,754.49,757.68,745.73,,335546500,SINGLE_SOURCE,kabutan,746.37,,,2026-08-12T14:26:15.916612+09:00
2025-10-14,growth250,736.86,739.81,719.62,,348292800,SINGLE_SOURCE,kabutan,722.57,,,2026-08-12T14:26:15.916612+09:00
2025-10-15,growth250,727.25,745.4,725.92,,317674700,SINGLE_SOURCE,kabutan,741.5,,,2026-08-12T14:26:15.916612+09:00
2025-10-16,growth250,745.28,747.81,728.94,,274979300,SINGLE_SOURCE,kabutan,730.39,,,2026-08-12T14:26:15.916612+09:00
2025-10-17,growth250,726.37,728.51,706.92,,311032300,SINGLE_SOURCE,kabutan,709.16,,,2026-08-12T14:26:15.916612+09:00
2025-10-20,growth250,716.47,732.73,715.66,,340691500,SINGLE_SOURCE,kabutan,730.75,,,2026-08-12T14:26:15.916612+09:00
2025-10-21,growth250,733.61,736.79,724.72,,295149300,SINGLE_SOURCE,kabutan,730.28,,,2026-08-12T14:26:15.916612+09:00
2025-10-22,growth250,732.23,743.55,730.69,,302090600,SINGLE_SOURCE,kabutan,742.14,,,2026-08-12T14:26:15.916612+09:00
2025-10-23,growth250,736.85,737.97,731.01,,257237500,SINGLE_SOURCE,kabutan,731.25,,,2026-08-12T14:26:15.916612+09:00
2025-10-24,growth250,734.68,735.01,727.83,,285284800,SINGLE_SOURCE,kabutan,728.74,,,2026-08-12T14:26:15.916612+09:00
2025-10-27,growth250,733.75,741.47,731.89,,285567200,SINGLE_SOURCE,kabutan,734.94,,,2026-08-12T14:26:15.916612+09:00
2025-10-28,growth250,733.93,733.93,722.38,,215157400,SINGLE_SOURCE,kabutan,722.38,,,2026-08-12T14:26:15.916612+09:00
2025-10-29,growth250,723.37,723.37,702.23,,239114500,SINGLE_SOURCE,kabutan,703.43,,,2026-08-12T14:26:15.916612+09:00
2025-10-30,growth250,702.73,708.88,700.72,,227969300,SINGLE_SOURCE,kabutan,707.46,,,2026-08-12T14:26:15.916612+09:00
2025-10-31,growth250,708.11,719.24,708.11,,185735700,SINGLE_SOURCE,kabutan,714.64,,,2026-08-12T14:26:15.916612+09:00
2025-11-04,growth250,713.4,716.27,706.34,,210154000,SINGLE_SOURCE,kabutan,712.15,,,2026-08-12T14:26:15.916612+09:00
2025-11-05,growth250,707.44,708.53,687.65,,236555100,SINGLE_SOURCE,kabutan,708.53,,,2026-08-12T14:26:15.916612+09:00
2025-11-06,growth250,710.54,715.26,703.06,,230097500,SINGLE_SOURCE,kabutan,703.06,,,2026-08-12T14:26:15.916612+09:00
2025-11-07,growth250,699.42,704.57,695.86,,237169100,SINGLE_SOURCE,kabutan,700.84,,,2026-08-12T14:26:15.916612+09:00
2025-11-10,growth250,705.02,712.9,704.07,,223451500,SINGLE_SOURCE,kabutan,712.72,,,2026-08-12T14:26:15.916612+09:00
2025-11-11,growth250,712.85,714.14,706.28,,231997600,SINGLE_SOURCE,kabutan,709.74,,,2026-08-12T14:26:15.916612+09:00
2025-11-12,growth250,709.89,727.33,708.71,,259485100,SINGLE_SOURCE,kabutan,727.33,,,2026-08-12T14:26:15.916612+09:00
2025-11-13,growth250,725.48,726.19,719.58,,239145400,SINGLE_SOURCE,kabutan,721.49,,,2026-08-12T14:26:15.916612+09:00
2025-11-14,growth250,714.16,720.0,706.42,,294462400,SINGLE_SOURCE,kabutan,708.54,,,2026-08-12T14:26:15.916612+09:00
2025-11-17,growth250,708.39,708.39,693.26,,319463800,SINGLE_SOURCE,kabutan,698.53,,,2026-08-12T14:26:15.916612+09:00
2025-11-18,growth250,696.43,697.86,679.15,,320813800,SINGLE_SOURCE,kabutan,679.97,,,2026-08-12T14:26:15.916612+09:00
2025-11-19,growth250,682.76,683.39,668.67,,268332400,SINGLE_SOURCE,kabutan,674.56,,,2026-08-12T14:26:15.916612+09:00
2025-11-20,growth250,683.18,688.17,676.02,,269958400,SINGLE_SOURCE,kabutan,679.29,,,2026-08-12T14:26:15.916612+09:00
2025-11-21,growth250,672.29,683.63,668.5,,271853000,SINGLE_SOURCE,kabutan,680.43,,,2026-08-12T14:26:15.916612+09:00
2025-11-25,growth250,683.94,683.94,666.42,,263190900,SINGLE_SOURCE,kabutan,667.31,,,2026-08-12T14:26:15.916612+09:00
2025-11-26,growth250,671.31,684.67,669.83,,238656300,SINGLE_SOURCE,kabutan,684.67,,,2026-08-12T14:26:15.916612+09:00
2025-11-27,growth250,685.98,695.59,685.45,,222026500,SINGLE_SOURCE,kabutan,695.05,,,2026-08-12T14:26:15.916612+09:00
2025-11-28,growth250,694.99,702.34,693.71,,220897800,SINGLE_SOURCE,kabutan,699.53,,,2026-08-12T14:26:15.916612+09:00
2025-12-01,growth250,700.95,700.95,682.9,,257327800,SINGLE_SOURCE,kabutan,683.44,,,2026-08-12T14:26:15.916612+09:00
2025-12-02,growth250,684.31,685.76,666.45,,258063800,SINGLE_SOURCE,kabutan,666.45,,,2026-08-12T14:26:15.916612+09:00
2025-12-03,growth250,667.31,668.02,658.61,,255331000,SINGLE_SOURCE,kabutan,661.31,,,2026-08-12T14:26:15.916612+09:00
2025-12-04,growth250,663.64,671.78,663.63,,290500900,SINGLE_SOURCE,kabutan,665.98,,,2026-08-12T14:26:15.916612+09:00
2025-12-05,growth250,667.15,672.44,664.95,,257585200,SINGLE_SOURCE,kabutan,667.51,,,2026-08-12T14:26:15.916612+09:00
2025-12-08,growth250,668.46,671.56,665.38,,279693900,SINGLE_SOURCE,kabutan,670.99,,,2026-08-12T14:26:15.916612+09:00
2025-12-09,growth250,671.81,675.72,664.57,,310151300,SINGLE_SOURCE,kabutan,666.13,,,2026-08-12T14:26:15.916612+09:00
2025-12-10,growth250,667.4,671.82,664.89,,349631900,SINGLE_SOURCE,kabutan,667.68,,,2026-08-12T14:26:15.916612+09:00
2025-12-11,growth250,666.58,667.26,650.73,,301897500,SINGLE_SOURCE,kabutan,653.07,,,2026-08-12T14:26:15.916612+09:00
2025-12-12,growth250,654.03,661.03,653.89,,415471900,SINGLE_SOURCE,kabutan,657.92,,,2026-08-12T14:26:15.916612+09:00
2025-12-15,growth250,657.61,669.53,657.37,,315771000,SINGLE_SOURCE,kabutan,669.05,,,2026-08-12T14:26:15.916612+09:00
2025-12-16,growth250,665.82,666.31,650.36,,295211600,SINGLE_SOURCE,kabutan,650.38,,,2026-08-12T14:26:15.916612+09:00
2025-12-17,growth250,651.6,652.22,641.85,,298156600,SINGLE_SOURCE,kabutan,647.8,,,2026-08-12T14:26:15.916612+09:00
2025-12-18,growth250,644.21,648.6,642.47,,295935800,SINGLE_SOURCE,kabutan,645.58,,,2026-08-12T14:26:15.916612+09:00
2025-12-19,growth250,647.56,657.69,646.62,,342786600,SINGLE_SOURCE,kabutan,656.67,,,2026-08-12T14:26:15.916612+09:00
2025-12-22,growth250,662.21,662.74,651.74,,365107000,SINGLE_SOURCE,kabutan,654.66,,,2026-08-12T14:26:15.916612+09:00
2025-12-23,growth250,656.03,665.5,656.03,,409607900,SINGLE_SOURCE,kabutan,663.39,,,2026-08-12T14:26:15.916612+09:00
2025-12-24,growth250,663.42,669.08,663.42,,348582600,SINGLE_SOURCE,kabutan,663.46,,,2026-08-12T14:26:15.916612+09:00
2025-12-25,growth250,664.48,676.37,662.63,,346834000,SINGLE_SOURCE,kabutan,676.28,,,2026-08-12T14:26:15.916612+09:00
2025-12-26,growth250,679.44,681.59,675.81,,298700000,SINGLE_SOURCE,kabutan,677.73,,,2026-08-12T14:26:15.916612+09:00
2025-12-29,growth250,680.62,687.36,676.66,,275462200,SINGLE_SOURCE,kabutan,682.54,,,2026-08-12T14:26:15.916612+09:00
2025-12-30,growth250,682.92,683.84,674.77,,243038400,SINGLE_SOURCE,kabutan,675.21,,,2026-08-12T14:26:15.916612+09:00
2026-01-05,growth250,681.27,681.99,675.15,,244670500,SINGLE_SOURCE,kabutan,677.63,,,2026-08-12T14:26:15.916612+09:00
2026-01-06,growth250,682.09,695.43,682.09,,258817700,SINGLE_SOURCE,kabutan,690.65,,,2026-08-12T14:26:15.916612+09:00
2026-01-07,growth250,687.36,692.28,684.66,,263830400,SINGLE_SOURCE,kabutan,692.26,,,2026-08-12T14:26:15.916612+09:00
2026-01-08,growth250,694.17,704.54,693.61,,336894600,SINGLE_SOURCE,kabutan,702.11,,,2026-08-12T14:26:15.916612+09:00
2026-01-09,growth250,704.2,709.49,702.77,,363007300,SINGLE_SOURCE,kabutan,707.29,,,2026-08-12T14:26:15.916612+09:00
2026-01-13,growth250,717.0,717.0,708.63,,300073900,SINGLE_SOURCE,kabutan,712.58,,,2026-08-12T14:26:15.916612+09:00
2026-01-14,growth250,710.5,715.61,705.0,,296540300,SINGLE_SOURCE,kabutan,706.38,,,2026-08-12T14:26:15.916612+09:00
2026-01-15,growth250,706.58,732.73,706.58,,313771100,SINGLE_SOURCE,kabutan,732.21,,,2026-08-12T14:26:15.916612+09:00
2026-01-16,growth250,732.0,738.14,723.85,,328978700,SINGLE_SOURCE,kabutan,734.02,,,2026-08-12T14:26:15.916612+09:00
2026-01-19,growth250,733.9,748.56,732.38,,409280500,SINGLE_SOURCE,kabutan,748.44,,,2026-08-12T14:26:15.916612+09:00
2026-01-20,growth250,747.41,748.63,731.48,,327019400,SINGLE_SOURCE,kabutan,733.72,,,2026-08-12T14:26:15.916612+09:00
2026-01-21,growth250,722.36,726.46,717.48,,318027900,SINGLE_SOURCE,kabutan,720.8,,,2026-08-12T14:26:15.916612+09:00
2026-01-22,growth250,724.59,726.76,715.87,,276931400,SINGLE_SOURCE,kabutan,715.87,,,2026-08-12T14:26:15.916612+09:00
2026-01-23,growth250,718.18,732.47,714.81,,251398700,SINGLE_SOURCE,kabutan,728.89,,,2026-08-12T14:26:15.916612+09:00
2026-01-26,growth250,725.4,731.47,718.14,,272039200,SINGLE_SOURCE,kabutan,719.07,,,2026-08-12T14:26:15.916612+09:00
2026-01-27,growth250,717.96,719.25,710.58,,241500600,SINGLE_SOURCE,kabutan,716.55,,,2026-08-12T14:26:15.916612+09:00
2026-01-28,growth250,713.35,713.35,702.38,,237479200,SINGLE_SOURCE,kabutan,704.52,,,2026-08-12T14:26:15.916612+09:00
2026-01-29,growth250,703.07,707.77,697.4,,239266000,SINGLE_SOURCE,kabutan,705.67,,,2026-08-12T14:26:15.916612+09:00
2026-01-30,growth250,703.06,710.23,701.0,,207424900,SINGLE_SOURCE,kabutan,708.44,,,2026-08-12T14:26:15.916612+09:00
2026-02-02,growth250,707.37,719.57,704.87,,251105000,SINGLE_SOURCE,kabutan,705.26,,,2026-08-12T14:26:15.916612+09:00
2026-02-03,growth250,708.2,716.58,706.74,,232412200,SINGLE_SOURCE,kabutan,715.44,,,2026-08-12T14:26:15.916612+09:00
2026-02-04,growth250,712.68,712.68,704.75,,257455000,SINGLE_SOURCE,kabutan,710.08,,,2026-08-12T14:26:15.916612+09:00
2026-02-05,growth250,708.15,720.58,706.47,,229033600,SINGLE_SOURCE,kabutan,712.01,,,2026-08-12T14:26:15.916612+09:00
2026-02-06,growth250,706.65,710.62,694.23,,260577400,SINGLE_SOURCE,kabutan,710.62,,,2026-08-12T14:26:15.916612+09:00
2026-02-09,growth250,718.27,719.09,712.71,,257217700,SINGLE_SOURCE,kabutan,714.96,,,2026-08-12T14:26:15.916612+09:00
2026-02-10,growth250,718.03,734.19,718.03,,272801400,SINGLE_SOURCE,kabutan,733.09,,,2026-08-12T14:26:15.916612+09:00
2026-02-12,growth250,732.16,739.8,731.6,,272739000,SINGLE_SOURCE,kabutan,735.65,,,2026-08-12T14:26:15.916612+09:00
2026-02-13,growth250,731.26,734.54,720.02,,276132900,SINGLE_SOURCE,kabutan,722.48,,,2026-08-12T14:26:15.916612+09:00
2026-02-16,growth250,726.25,742.72,725.83,,338177000,SINGLE_SOURCE,kabutan,742.72,,,2026-08-12T14:26:15.916612+09:00
2026-02-17,growth250,742.25,747.4,733.54,,295466800,SINGLE_SOURCE,kabutan,739.93,,,2026-08-12T14:26:15.916612+09:00
2026-02-18,growth250,743.09,763.95,741.81,,324085300,SINGLE_SOURCE,kabutan,759.29,,,2026-08-12T14:26:15.916612+09:00
2026-02-19,growth250,759.88,761.69,750.76,,331600000,SINGLE_SOURCE,kabutan,760.63,,,2026-08-12T14:26:15.916612+09:00
2026-02-20,growth250,760.63,764.96,745.01,,396143900,SINGLE_SOURCE,kabutan,745.89,,,2026-08-12T14:26:15.916612+09:00
2026-02-24,growth250,743.76,744.45,728.94,,326791600,SINGLE_SOURCE,kabutan,728.94,,,2026-08-12T14:26:15.916612+09:00
2026-02-25,growth250,732.89,744.84,732.89,,275086700,SINGLE_SOURCE,kabutan,735.47,,,2026-08-12T14:26:15.916612+09:00
2026-02-26,growth250,741.39,751.23,741.17,,314538200,SINGLE_SOURCE,kabutan,749.03,,,2026-08-12T14:26:15.916612+09:00
2026-02-27,growth250,754.18,777.7,754.18,,371147200,SINGLE_SOURCE,kabutan,777.7,,,2026-08-12T14:26:15.916612+09:00
2026-03-02,growth250,767.03,772.59,757.15,,299633200,SINGLE_SOURCE,kabutan,768.64,,,2026-08-12T14:26:15.916612+09:00
2026-03-03,growth250,768.26,775.06,744.18,,377751500,SINGLE_SOURCE,kabutan,744.33,,,2026-08-12T14:26:15.916612+09:00
2026-03-04,growth250,734.51,744.82,702.89,,439377000,SINGLE_SOURCE,kabutan,713.2,,,2026-08-12T14:26:15.916612+09:00
2026-03-05,growth250,726.6,761.05,726.6,,327309100,SINGLE_SOURCE,kabutan,749.61,,,2026-08-12T14:26:15.916612+09:00
2026-03-06,growth250,747.07,771.62,746.28,,307251500,SINGLE_SOURCE,kabutan,770.8,,,2026-08-12T14:26:15.916612+09:00
2026-03-09,growth250,755.75,755.78,720.5,,287058300,SINGLE_SOURCE,kabutan,743.09,,,2026-08-12T14:26:15.916612+09:00
2026-03-10,growth250,751.02,772.68,751.02,,270537100,SINGLE_SOURCE,kabutan,772.53,,,2026-08-12T14:26:15.916612+09:00
2026-03-11,growth250,774.29,788.08,773.93,,326096200,SINGLE_SOURCE,kabutan,780.04,,,2026-08-12T14:26:15.916612+09:00
2026-03-12,growth250,772.81,772.81,755.98,,276515000,SINGLE_SOURCE,kabutan,761.15,,,2026-08-12T14:26:15.916612+09:00
2026-03-13,growth250,752.72,765.11,749.36,,339404900,SINGLE_SOURCE,kabutan,757.51,,,2026-08-12T14:26:15.916612+09:00
2026-03-16,growth250,756.24,768.57,755.97,,361111300,SINGLE_SOURCE,kabutan,763.1,,,2026-08-12T14:26:15.916612+09:00
2026-03-17,growth250,768.56,774.03,747.96,,401091700,SINGLE_SOURCE,kabutan,750.72,,,2026-08-12T14:26:15.916612+09:00
2026-03-18,growth250,757.79,778.71,757.4,,352908800,SINGLE_SOURCE,kabutan,778.71,,,2026-08-12T14:26:15.916612+09:00
2026-03-19,growth250,767.18,767.18,743.39,,369089700,SINGLE_SOURCE,kabutan,744.86,,,2026-08-12T14:26:15.916612+09:00
2026-03-23,growth250,732.21,732.21,704.2,,324262000,SINGLE_SOURCE,kabutan,705.16,,,2026-08-12T14:26:15.916612+09:00
2026-03-24,growth250,718.19,729.9,711.18,,235229400,SINGLE_SOURCE,kabutan,724.55,,,2026-08-12T14:26:15.916612+09:00
2026-03-25,growth250,731.56,743.96,731.56,,342079100,SINGLE_SOURCE,kabutan,741.48,,,2026-08-12T14:26:15.916612+09:00
2026-03-26,growth250,739.98,741.01,716.42,,350436500,SINGLE_SOURCE,kabutan,720.29,,,2026-08-12T14:26:15.916612+09:00
2026-03-27,growth250,720.93,737.49,717.03,,273964100,SINGLE_SOURCE,kabutan,734.4,,,2026-08-12T14:26:15.916612+09:00
2026-03-30,growth250,719.89,720.41,697.87,,274717000,SINGLE_SOURCE,kabutan,709.93,,,2026-08-12T14:26:15.916612+09:00
2026-03-31,growth250,707.18,716.08,697.38,,281533300,SINGLE_SOURCE,kabutan,699.09,,,2026-08-12T14:26:15.916612+09:00
2026-04-01,growth250,711.22,737.39,711.22,,330831700,SINGLE_SOURCE,kabutan,737.39,,,2026-08-12T14:26:15.916612+09:00
2026-04-02,growth250,739.18,749.1,721.62,,407625800,SINGLE_SOURCE,kabutan,723.9,,,2026-08-12T14:26:15.916612+09:00
2026-04-03,growth250,733.03,741.27,728.5,,379895000,SINGLE_SOURCE,kabutan,733.16,,,2026-08-12T14:26:15.916612+09:00
2026-04-06,growth250,736.05,746.51,736.05,,307706400,SINGLE_SOURCE,kabutan,740.69,,,2026-08-12T14:26:15.916612+09:00
2026-04-07,growth250,742.34,755.0,736.41,,388663500,SINGLE_SOURCE,kabutan,742.91,,,2026-08-12T14:26:15.916612+09:00
2026-04-08,growth250,754.39,775.18,754.39,,450639900,SINGLE_SOURCE,kabutan,775.18,,,2026-08-12T14:26:15.916612+09:00
2026-04-09,growth250,768.41,771.41,757.76,,408684700,SINGLE_SOURCE,kabutan,760.62,,,2026-08-12T14:26:15.916612+09:00
2026-04-10,growth250,761.39,772.4,759.23,,498276000,SINGLE_SOURCE,kabutan,764.84,,,2026-08-12T14:26:15.916612+09:00
2026-04-13,growth250,758.43,762.8,754.01,,421792300,SINGLE_SOURCE,kabutan,759.78,,,2026-08-12T14:26:15.916612+09:00
2026-04-14,growth250,766.76,772.86,761.68,,512985700,SINGLE_SOURCE,kabutan,770.35,,,2026-08-12T14:26:15.916612+09:00
2026-04-15,growth250,776.78,784.24,770.68,,468272100,SINGLE_SOURCE,kabutan,776.24,,,2026-08-12T14:26:15.916612+09:00
2026-04-16,growth250,782.06,794.02,782.06,,478770200,SINGLE_SOURCE,kabutan,791.0,,,2026-08-12T14:26:15.916612+09:00
2026-04-17,growth250,791.52,794.74,786.07,,381287100,SINGLE_SOURCE,kabutan,790.28,,,2026-08-12T14:26:15.916612+09:00
2026-04-20,growth250,792.87,809.32,790.79,,337734800,SINGLE_SOURCE,kabutan,802.63,,,2026-08-12T14:26:15.916612+09:00
2026-04-21,growth250,807.42,811.02,800.81,,378373800,SINGLE_SOURCE,kabutan,805.6,,,2026-08-12T14:26:15.916612+09:00
2026-04-22,growth250,804.1,806.91,796.37,,284551400,SINGLE_SOURCE,kabutan,801.82,,,2026-08-12T14:26:15.916612+09:00
2026-04-23,growth250,800.89,800.89,769.11,,451491300,SINGLE_SOURCE,kabutan,777.87,,,2026-08-12T14:26:15.916612+09:00
2026-04-24,growth250,777.23,779.15,763.55,,430432800,SINGLE_SOURCE,kabutan,768.1,,,2026-08-12T14:26:15.916612+09:00
2026-04-27,growth250,769.15,769.16,756.37,,368722400,SINGLE_SOURCE,kabutan,762.59,,,2026-08-12T14:26:15.916612+09:00
2026-04-28,growth250,764.34,774.58,761.19,,387341700,SINGLE_SOURCE,kabutan,774.22,,,2026-08-12T14:26:15.916612+09:00
2026-04-30,growth250,770.76,771.09,760.92,,381043600,SINGLE_SOURCE,kabutan,766.65,,,2026-08-12T14:26:15.916612+09:00
2026-05-01,growth250,769.58,779.99,768.03,,400151500,SINGLE_SOURCE,kabutan,771.25,,,2026-08-12T14:26:15.916612+09:00
2026-05-07,growth250,778.62,794.54,778.62,,372361300,SINGLE_SOURCE,kabutan,791.12,,,2026-08-12T14:26:15.916612+09:00
2026-05-08,growth250,793.78,828.75,793.78,,407703500,SINGLE_SOURCE,kabutan,828.35,,,2026-08-12T14:26:15.916612+09:00
2026-05-11,growth250,834.91,852.92,834.13,,404723000,SINGLE_SOURCE,kabutan,842.66,,,2026-08-12T14:26:15.916612+09:00
2026-05-12,growth250,841.55,847.91,811.31,,269693400,SINGLE_SOURCE,kabutan,818.64,,,2026-08-12T14:26:15.916612+09:00
2026-05-13,growth250,815.72,837.24,807.53,,402717600,SINGLE_SOURCE,kabutan,827.65,,,2026-08-12T14:26:15.916612+09:00
2026-05-14,growth250,824.2,827.51,799.74,,413555800,SINGLE_SOURCE,kabutan,803.52,,,2026-08-12T14:26:15.916612+09:00
2026-05-15,growth250,806.12,824.7,789.42,,421563800,SINGLE_SOURCE,kabutan,795.84,,,2026-08-12T14:26:15.916612+09:00
2026-05-18,growth250,800.25,801.31,780.02,,467872900,SINGLE_SOURCE,kabutan,798.21,,,2026-08-12T14:26:15.916612+09:00
2026-05-19,growth250,805.75,834.68,804.94,,452539000,SINGLE_SOURCE,kabutan,823.01,,,2026-08-12T14:26:15.916612+09:00
2026-05-20,growth250,818.32,818.81,782.84,,456500600,SINGLE_SOURCE,kabutan,786.25,,,2026-08-12T14:26:15.916612+09:00
2026-05-21,growth250,795.96,804.16,787.11,,373136800,SINGLE_SOURCE,kabutan,796.92,,,2026-08-12T14:26:15.916612+09:00
2026-05-22,growth250,800.76,829.13,800.76,,450053400,SINGLE_SOURCE,kabutan,828.32,,,2026-08-12T14:26:15.916612+09:00
2026-05-25,growth250,834.38,848.74,831.67,,454357500,SINGLE_SOURCE,kabutan,843.39,,,2026-08-12T14:26:15.916612+09:00
2026-05-26,growth250,841.08,843.57,822.13,,429432300,SINGLE_SOURCE,kabutan,842.44,,,2026-08-12T14:26:15.916612+09:00
2026-05-27,growth250,844.64,849.22,820.09,,515672600,SINGLE_SOURCE,kabutan,826.84,,,2026-08-12T14:26:15.916612+09:00
2026-05-28,growth250,823.21,842.94,815.63,,513307100,SINGLE_SOURCE,kabutan,832.01,,,2026-08-12T14:26:15.916612+09:00
2026-05-29,growth250,836.3,842.88,813.83,,472021000,SINGLE_SOURCE,kabutan,818.37,,,2026-08-12T14:26:15.916612+09:00
2026-06-01,growth250,816.19,816.19,775.4,,519997900,SINGLE_SOURCE,kabutan,783.6,,,2026-08-12T14:26:15.916612+09:00
2026-06-02,growth250,778.87,778.87,754.87,,451653000,SINGLE_SOURCE,kabutan,771.72,,,2026-08-12T14:26:15.916612+09:00
2026-06-03,growth250,770.88,771.18,754.09,,485889700,SINGLE_SOURCE,kabutan,764.02,,,2026-08-12T14:26:15.916612+09:00
2026-06-04,growth250,758.19,759.13,742.81,,407584800,SINGLE_SOURCE,kabutan,743.77,,,2026-08-12T14:26:15.916612+09:00
2026-06-05,growth250,748.9,771.94,748.9,,442869900,SINGLE_SOURCE,kabutan,765.45,,,2026-08-12T14:26:15.916612+09:00
2026-06-08,growth250,754.71,758.73,741.47,,355198700,SINGLE_SOURCE,kabutan,748.04,,,2026-08-12T14:26:15.916612+09:00
2026-06-09,growth250,753.06,757.32,735.4,,369156100,SINGLE_SOURCE,kabutan,740.6,,,2026-08-12T14:26:15.916612+09:00
2026-06-10,growth250,736.83,736.83,712.86,,360937900,SINGLE_SOURCE,kabutan,722.49,,,2026-08-12T14:26:15.916612+09:00
2026-06-11,growth250,714.46,723.68,704.04,,310499200,SINGLE_SOURCE,kabutan,722.99,,,2026-08-12T14:26:15.916612+09:00
2026-06-12,growth250,730.31,736.09,718.49,,336175400,SINGLE_SOURCE,kabutan,724.49,,,2026-08-12T14:26:15.916612+09:00
2026-06-15,growth250,727.4,728.18,710.19,,379958600,SINGLE_SOURCE,kabutan,713.0,,,2026-08-12T14:26:15.916612+09:00
2026-06-16,growth250,713.53,719.32,706.62,,388782700,SINGLE_SOURCE,kabutan,714.31,,,2026-08-12T14:26:15.916612+09:00
2026-06-17,growth250,716.52,720.74,709.87,,390790300,SINGLE_SOURCE,kabutan,712.43,,,2026-08-12T14:26:15.916612+09:00
2026-06-18,growth250,713.44,722.14,710.49,,392208500,SINGLE_SOURCE,kabutan,715.81,,,2026-08-12T14:26:15.916612+09:00
2026-06-19,growth250,713.88,713.89,691.39,,374583400,SINGLE_SOURCE,kabutan,695.08,,,2026-08-12T14:26:15.916612+09:00
2026-06-22,growth250,697.57,723.46,696.72,,405281800,SINGLE_SOURCE,kabutan,717.31,,,2026-08-12T14:26:15.916612+09:00
2026-06-23,growth250,716.51,720.22,696.07,,432003000,SINGLE_SOURCE,kabutan,696.37,,,2026-08-12T14:26:15.916612+09:00
2026-06-24,growth250,701.1,705.85,693.06,,359786400,SINGLE_SOURCE,kabutan,695.31,,,2026-08-12T14:26:15.916612+09:00
2026-06-25,growth250,702.56,702.56,693.83,,415601500,SINGLE_SOURCE,kabutan,700.14,,,2026-08-12T14:26:15.916612+09:00
2026-06-26,growth250,693.58,695.63,678.49,,341052000,SINGLE_SOURCE,kabutan,682.55,,,2026-08-12T14:26:15.916612+09:00
2026-06-29,growth250,689.69,702.77,687.19,,365735700,SINGLE_SOURCE,kabutan,702.77,,,2026-08-12T14:26:15.916612+09:00
2026-06-30,growth250,703.48,708.3,698.68,,397487400,SINGLE_SOURCE,kabutan,706.62,,,2026-08-12T14:26:15.916612+09:00
2026-07-01,growth250,703.95,708.11,696.16,,420155700,SINGLE_SOURCE,kabutan,699.67,,,2026-08-12T14:26:15.916612+09:00
2026-07-02,growth250,703.42,719.24,702.53,,423616200,SINGLE_SOURCE,kabutan,712.49,,,2026-08-12T14:26:15.916612+09:00
2026-07-03,growth250,717.8,733.18,717.48,,439517900,SINGLE_SOURCE,kabutan,733.18,,,2026-08-12T14:26:15.916612+09:00
2026-07-06,growth250,735.5,748.73,734.31,,460554700,SINGLE_SOURCE,kabutan,743.75,,,2026-08-12T14:26:15.916612+09:00
2026-07-07,growth250,740.3,747.85,728.49,,500536100,SINGLE_SOURCE,kabutan,730.63,,,2026-08-12T14:26:15.916612+09:00
2026-07-08,growth250,725.93,725.93,711.43,,397958700,SINGLE_SOURCE,kabutan,711.43,,,2026-08-12T14:26:15.916612+09:00
2026-07-09,growth250,710.77,718.41,708.7,,428674100,SINGLE_SOURCE,kabutan,715.54,,,2026-08-12T14:26:15.916612+09:00
2026-07-10,growth250,714.99,724.65,712.24,,447602900,SINGLE_SOURCE,kabutan,718.88,,,2026-08-12T14:26:15.916612+09:00
2026-07-13,growth250,719.09,732.0,711.28,,435580100,SINGLE_SOURCE,kabutan,716.87,,,2026-08-12T14:26:15.916612+09:00
2026-07-14,growth250,717.45,722.97,713.84,,395758000,SINGLE_SOURCE,kabutan,721.57,,,2026-08-12T14:26:15.916612+09:00
2026-07-15,growth250,720.71,736.79,716.19,,451067700,SINGLE_SOURCE,kabutan,736.74,,,2026-08-12T14:26:15.916612+09:00
2026-07-16,growth250,734.11,738.94,718.16,,424367400,SINGLE_SOURCE,kabutan,719.47,,,2026-08-12T14:26:15.916612+09:00
2026-07-17,growth250,712.85,713.12,684.62,,469620100,SINGLE_SOURCE,kabutan,695.17,,,2026-08-12T14:26:15.916612+09:00
2026-07-21,growth250,696.94,706.98,693.62,,389858900,SINGLE_SOURCE,kabutan,704.07,,,2026-08-12T14:26:15.916612+09:00
2026-07-22,growth250,704.18,708.31,696.54,,434644100,SINGLE_SOURCE,kabutan,696.54,,,2026-08-12T14:26:15.916612+09:00
2026-07-23,growth250,695.41,704.55,695.41,,444038600,SINGLE_SOURCE,kabutan,699.52,,,2026-08-12T14:26:15.916612+09:00
2026-07-24,growth250,692.28,692.28,683.32,,434372800,SINGLE_SOURCE,kabutan,686.12,,,2026-08-12T14:26:15.916612+09:00
2026-07-27,growth250,689.46,695.34,684.27,,424580100,SINGLE_SOURCE,kabutan,694.92,,,2026-08-12T14:26:15.916612+09:00
2026-07-28,growth250,692.52,692.52,675.13,,446613700,SINGLE_SOURCE,kabutan,676.57,,,2026-08-12T14:26:15.916612+09:00
2026-07-29,growth250,680.46,680.46,659.08,,410448300,SINGLE_SOURCE,kabutan,666.12,,,2026-08-12T14:26:15.916612+09:00
2026-07-30,growth250,665.79,671.39,662.31,,338086000,SINGLE_SOURCE,kabutan,666.97,,,2026-08-12T14:26:15.916612+09:00
2026-07-31,growth250,671.3,690.01,669.13,,355181600,SINGLE_SOURCE,kabutan,685.97,,,2026-08-12T14:26:15.916612+09:00
2026-08-03,growth250,681.94,688.99,672.48,,350690100,SINGLE_SOURCE,kabutan,687.65,,,2026-08-12T14:26:15.916612+09:00
2026-08-04,growth250,691.7,705.47,690.07,,409689600,SINGLE_SOURCE,kabutan,703.82,,,2026-08-12T14:26:15.916612+09:00
2026-08-05,growth250,708.34,724.63,708.03,,441785700,SINGLE_SOURCE,kabutan,723.41,,,2026-08-12T14:26:15.916612+09:00
2026-08-06,growth250,718.82,725.55,717.18,,377859000,SINGLE_SOURCE,kabutan,720.92,,,2026-08-12T14:26:15.916612+09:00
2026-08-07,growth250,721.56,724.09,715.32,,388237000,SINGLE_SOURCE,kabutan,724.09,,,2026-08-12T14:26:15.916612+09:00
2026-08-10,growth250,728.01,740.11,726.33,,366762500,SINGLE_SOURCE,kabutan,737.17,,,2026-08-12T14:26:15.916612+09:00
2026-08-12,growth250,738.58,745.68,737.44,,419082200,SINGLE_SOURCE,kabutan,745.68,,,2026-08-13T16:54:53.309646+09:00
2026-08-13,growth250,743.04,746.73,738.88,,452193000,SINGLE_SOURCE,kabutan,743.1,,,2026-08-14T13:47:28.067187+09:00
2026-08-14,growth250,742.86,763.27,742.69,,441528600,SINGLE_SOURCE,kabutan,758.0,,,2026-08-21T13:21:18.789860+09:00
2026-08-17,growth250,761.9,766.18,758.56,,489218500,SINGLE_SOURCE,kabutan,763.46,,,2026-08-21T13:21:18.789860+09:00
2026-08-18,growth250,761.35,771.93,757.67,,430998300,SINGLE_SOURCE,kabutan,758.19,,,2026-08-21T13:21:18.789860+09:00
2026-08-19,growth250,752.37,752.86,737.34,,454722100,SINGLE_SOURCE,kabutan,742.28,,,2026-08-21T13:21:18.789860+09:00
2026-08-20,growth250,752.83,776.98,751.56,,444213500,SINGLE_SOURCE,kabutan,776.98,,,2026-08-21T13:21:18.789860+09:00
2026-08-21,growth250,771.82,774.07,760.71,,507494800,SINGLE_SOURCE,kabutan,768.47,,,2026-08-29T04:03:01.410222+09:00
2026-08-24,growth250,771.19,775.14,763.48,,477759600,SINGLE_SOURCE,kabutan,771.37,,,2026-08-29T04:03:01.410222+09:00
2026-08-25,growth250,769.66,781.33,767.67,,490826200,SINGLE_SOURCE,kabutan,781.3,,,2026-08-29T04:03:01.410222+09:00
2026-08-26,growth250,782.32,786.19,780.65,,444677900,SINGLE_SOURCE,kabutan,781.15,,,2026-08-29T04:03:01.410222+09:00
2026-08-27,growth250,785.42,797.97,781.3,,406470100,SINGLE_SOURCE,kabutan,797.96,,,2026-08-29T04:03:01.410222+09:00
2026-08-28,growth250,799.2,824.8,798.75,,518722200,SINGLE_SOURCE,kabutan,823.16,,,2026-09-01T16:33:53.846340+09:00
2026-08-31,growth250,819.46,819.46,810.09,,396176100,SINGLE_SOURCE,kabutan,812.04,,,2026-09-01T16:33:53.846340+09:00
2026-09-01,growth250,809.13,811.76,796.56,,499108300,SINGLE_SOURCE,kabutan,800.09,,,2026-09-05T04:07:18.314367+09:00
2026-09-02,growth250,788.27,788.27,774.35,,474475000,SINGLE_SOURCE,kabutan,777.48,,,2026-09-05T04:07:18.314367+09:00
2026-09-03,growth250,779.86,782.57,771.13,,475745900,SINGLE_SOURCE,kabutan,776.09,,,2026-09-05T04:07:18.314367+09:00
